id,name
47c3697b-a4d2-47c0-873f-bf8dca2b3d56,Ann Morris
e9544131-45fc-4b7c-8d81-fd7a062b1339,Melissa Martin
7d5b5233-a670-45f8-b08e-f5edcb65bbc1,Howard Copeland
ebb0567d-0a57-4336-b52d-1ee3af3aa63f,Dustin Macias
f2026b9e-9fe9-427b-9f1f-011ae03d9c99,Richard Lee
e4b4885a-1ba7-4371-9bf6-4246a0d5a0dd,Brittany Brown
fdb1676b-6ed1-4bb4-9bfd-535b3212ca33,David Leonard
f4f2e8e5-adf7-4d4c-993d-f2abf2d36fc3,Kevin Martinez
44d05ce9-1832-42dc-a18c-f7a072b434c5,Michelle Roberts
9568b679-62c2-42be-be27-a0ff49a26314,Steven Williams
3d89ad69-5869-452b-a0b5-d59477c791ab,John Hall
6c1c911c-20fd-4ae1-889e-d2a183145a80,David Grant
333f799c-f136-49d4-8ae4-834d7d908a75,Katie Ruiz
a4a7f098-57eb-4ab8-b86e-c6df19586957,Adam Carpenter
542c5b4b-002b-488a-915c-1bbe7a5ac6ee,Tammy Watson
dddab9b1-2673-4115-afb8-8a15d5bc72bb,Emily Anderson
67edc690-8712-446d-a05c-f1c562a7c933,David Buck
5fe25a04-136c-4777-9480-ad65aff09d98,John Brewer
d5a86b7b-1272-4834-9b5b-4b8b96c67a29,Arthur Mendoza
f185ef00-0403-489c-b1fc-e03195e32dc8,Elizabeth Ryan DVM
bd25e00d-d846-4349-8c55-0a8cf9a2c179,Sharon Marshall
4c153288-a125-441e-9616-4656f07e27d9,Dennis Lopez
914cf954-0160-4c9a-8fa9-3776dd5c3c22,Lauren Hill
74890ae1-260f-4dcc-a3d7-ae23a33d609c,John Drake
0dd7add0-547d-4ac2-bff2-fcd125dcc8ce,Terry Obrien
b857701d-f45e-41f5-9e4d-40d13aaef1f3,Joseph Boyer
71402127-aa83-49ec-9cd5-3e1d1f8bc0e1,Veronica Garcia
d1469268-5035-406c-aa26-e8efa8e24647,Nicholas Mcdowell
f119b452-ed61-4cff-b3ef-b0733e0affbb,Dawn Williams
0be5a855-e12e-4a46-9cf4-83610895e245,Kathy Haney MD
5518075c-e2cc-4406-b78d-3e6933e75443,Jodi Mitchell
bcb281e6-12be-4ad5-82c4-d307f6535705,Melissa Lopez
9d8ee89b-6a56-4518-9be3-03d930a9fc0a,John Bennett
8b14aea0-7f51-447b-871e-d8ab779c7c7b,Jonathan Anderson
af1503c5-991d-4eb6-a7ee-6c7d73dfdef0,Nicole Hall
fc184dc5-af08-4903-bc99-b26c37083462,Jeffrey Gutierrez
23069e02-2bcf-4489-85b8-a3f0126abdbb,Katherine Griffin
583fc07a-c1ec-4e16-89f1-2cab7fc5f1b3,Kevin Jackson
ecc0b5ea-eeca-476c-9c29-ec9117a79966,Jennifer Erickson
f9f38bef-fee6-4962-93b1-a1ee9dbfa39a,Patrick Knight
98ea2039-5ca5-43a2-a6a3-2467aa5403ee,Randy Lyons
47797200-6e49-47bc-aa27-7dd03309b740,Leslie Cruz
9f22ae29-36eb-474a-9a3e-b470094e6af0,Brandon Lang
f2c3da57-cb8a-42ae-ae6e-69dc791a3935,Latoya Garza
c7f798f2-dfbc-4a29-8793-a356b379370f,Douglas Burgess
fa76b543-94e2-483f-889e-93fe72ab1304,Melissa Sanders
28251034-0fc2-4cb7-b995-3f87925c03bd,Douglas Shelton
714e730c-3fa3-4791-bf54-65ee7278f245,Nicholas Benson
2a95047f-524f-4748-810d-3d1700c58b5d,Angela Weber
0b7a64f1-424d-4f76-9c79-e2ad715b63b6,Ruben Bennett
23a644a8-e22a-4941-99c6-8a0d658af839,Teresa Evans
32c0c050-cb7e-4ea9-b1d3-21ff5f89f181,Scott Harrison
c628af5d-2253-4b39-80e8-7972a1d711e2,Susan Lara
ae7ea574-6643-48a8-a8cf-b50d70ce297b,Kathy Harris
0ba6645e-c3e8-41af-8d4c-38d158bb2ef1,Robert Lane
d76c9b28-a66d-4d69-8b18-4c526eb4e26d,Mark Taylor
06ba8f4b-118a-472d-af10-fae6f824bfa5,Angela James
ffd93cfa-4a52-4d21-9f2b-8b32a0d450f3,Cody Gonzalez
b5448834-23f0-4c2f-9e40-71377b03f5b9,Mr. Brent Ward
3f1c60e5-e198-4750-8090-dd3fc80055fa,Jessica Meyer
d5b866fb-d19a-4015-bd92-8086adae19b8,Alexis Cervantes
7c6c929d-e396-428f-bd6b-ac0b88ab1a30,Tina Collins
a8424d4f-f798-49c0-a5e8-2149c633e5d6,Kyle Evans
b378407b-fb83-44a6-b4ec-5f4dd5818912,Dr. David Murphy
83afbbc2-389b-42f4-9fe7-6a767160e5ce,Michael Mendoza
7c4ebed7-cec3-47ad-8683-749846208173,Danielle Gray
3a0b2a64-29d4-4d59-ab2f-70a1e7bbd5d3,Ryan Martinez
2ac31b05-fde9-465c-a751-8e296c8c0c72,Derek Marshall
6406f889-7ab8-4789-97a7-3331ba7b120a,Dillon Jennings
5442fb03-2c01-4bb3-8d8e-c24edcf70189,Victor Ramos
6f2b8f15-f6c7-4069-b882-ba55348787c1,Devin Clayton
53c0a778-bb09-4579-9745-cc082a9e5408,Janet Robles
b114fcd7-c313-408a-9fc4-908a65902577,Claudia Rodriguez
88729e5f-4a3f-42d2-acca-bbfcb9fc06ce,Dylan Lopez
f3c4011a-c1c5-4c0d-8559-5275d5a71835,James Jordan
9dca92d6-8189-4888-9e33-1c6c5a5ac7be,Patricia Joyce
b339d2bf-763f-4072-80aa-86847485d430,Benjamin Gilmore
f8fc3694-585a-403d-9f57-97e4d59616f2,Tamara Berry
3ed61f65-6def-43a4-a151-7e213982d350,George Garcia
08d0f48f-44d3-4288-ac6d-464da150e21a,April Curtis
46616542-4674-4c01-a575-5ec4d27fcc56,Casey Barnes
b5cb0b95-ba3a-4955-b6b6-c6f55f49f9a3,Alexandria Jarvis
4cb368b3-66b7-444d-ac68-954d6bd25a8d,Mary Pacheco
4295f20c-83e5-4d27-91e8-23bba7057a10,John Marshall
214aa6d9-ec97-4fbc-a9c8-c1b64b1de158,Kathleen Rivera
197dd6c2-f5ff-4d3f-8c59-492ca804b23a,Joseph Griffin
46fe4c3b-40bf-496b-89c0-dcd775337221,Shelby Gonzalez
1ed82dd0-b4d6-436a-8175-28296e546c98,Brittany Daniels
695507aa-d5c9-4f9f-9f49-2bfc3f1b9378,Alex Taylor
60ad8724-34a7-4d72-b556-ce6eab18d14c,Cameron Smith
27f3cf64-ff30-4fc3-94e7-a220b633dac7,Matthew Young
dc461fb7-78c4-4f06-8c13-368f1983d7a0,Christy Acosta
fbeacfbe-c1f6-4f51-aa51-400794b3a2ae,Kristi Washington
6d79a438-0adb-4d5d-8e91-a4b68b497c9d,Sarah Ross
d5083638-6e60-48a6-bb1b-1e4b7d235a57,Alicia Webster
6b1e3f06-ee33-4f8d-8c4f-cc10003e8c70,Daniel Cuevas
c1888e69-e383-4e30-9ed0-cf58034ab581,Carlos Bass Jr.
74f9bdeb-fd78-4f28-aab9-fc0288e3a926,Cheryl Campos
310cd8a3-531b-469b-8f92-50f6fd8c5121,Brenda Miller
e0ef95d1-0c41-477a-a210-3132721d19c9,Michael Steele
c25346cb-9168-4e03-9ca1-c772e78284cc,Taylor Summers
362e7881-46c8-480c-9db0-9819a9556c4d,Debbie Lopez
fda72b39-131b-46cc-9015-081278245729,Jerry Thompson II
84b4adce-8ba3-4e66-8b33-71cb9f03d4fb,Kelsey Miller
1a2b72c6-d217-40cf-b934-a7482ea79f08,Stephanie Hanna
4f713792-e137-425a-a47a-951f805204a3,Lisa Townsend
9d91023b-8453-4125-a450-371d3de6ba74,Joshua Webb
932a6c30-f3e4-4cd5-ab62-5194fd7dca5c,Catherine Navarro
0d9e82b1-52f3-4096-b677-23a2adcb1d1d,Matthew Dawson
2cc6ab6d-4ea1-4260-9b9e-6bd55aefcc2d,Holly Lee
7eba37da-f090-48be-8de6-a627b5c2f3f7,Misty Lee
dfdf4ec9-af1d-47f9-b818-76dd0c75f51f,Cynthia Owens
640766d9-0149-4b2c-bfee-a1d88b835caa,John Washington
49d25d49-9662-4cc9-a1bb-f32974f26b13,Garrett Black
374fb60c-e118-498c-a50f-458c1975e90b,Anthony Murillo
00eadf72-7e6d-4c6d-8346-198eb69d008d,Shelby Ray
4ca88fb0-dd76-40b9-adfa-4813614d3685,Dr. Erin Turner
ac5339f7-dc1c-46f2-9fca-d71031102c43,Nichole Garcia
2217d79e-4127-43f9-b5d9-e87befc66a0e,Timothy Navarro
e9693e10-466b-49fe-abbd-428823db5bb1,Mikayla Rivera
34efb71b-abe8-4d18-8d9d-3e3f4b57cc58,Tracie Martinez
262e689c-4686-40d3-bfa8-ebcc8defc80b,Sara Valentine
4da16031-e384-47eb-9b68-aebeab07eeb4,Erin Baker
d5bfdb11-fd1b-448d-8adf-64527d34e06c,Jonathan Bennett
0bcdad4d-1f38-4103-b18f-124ed631cbb3,Travis Johnson
2f85bf17-914f-4490-a9bf-3834200a6b75,Russell Mitchell
29f1a2de-3d3f-4128-abed-7b0ddd91786f,Cheryl Robinson
2379dbda-c49d-4aff-b0f7-3abc6e01f72a,Taylor Thomas
de709572-d512-49f4-857b-348cc7c767f2,Anne Jackson
1f224d79-bd47-476e-9974-78c79e1fe2e7,Shelby Morales
5e68eaaf-52f5-441a-852a-d49183517174,Paul Marshall
a0a26ca2-c5ae-48cb-9a3a-6e930234da8e,Megan Wyatt
685d4239-908d-4dfe-b78d-868fcdf4dbde,Alison White
ce507193-af03-412c-9324-1f2189dda75f,Kevin Graham
a70a294a-64c0-4584-b351-119178e8de7c,Stephen Barton
e6c8ff52-d2a4-41fa-9a47-62adecd401c0,Lisa Mason
b02fb2a6-c5d4-4183-84ac-6b8bd4ae38b9,Jeffery Harrison
4d969ce4-f203-4f0b-a878-67d3e1134086,Brian Cordova
c82fad78-5878-45d0-943f-223b9165f6cf,Jonathan Arroyo
37a50934-5a0b-4ae8-8d64-8ddd1dfb0b03,Lisa Martinez
77fb11d0-b965-4633-87c8-420fa22c8b7c,Jon Heath
e9e85a8f-fbc8-48cd-ba8c-d5481785ece4,Angela Smith
4efcc3ca-a7c4-44c3-b75b-c14c4b67c0e1,Robert Lee
70af2f16-1aa8-4d8a-affb-974431151c8a,Christina Howard
184ceb96-b630-48a7-b1ae-5d74e63ea6a9,Connie Collins
c63b4429-6c6b-4798-aaf6-a260aa744f8f,Abigail Lindsey
bb2d0160-ff21-495f-ae12-ffb57cf04acd,Samuel Thomas
f254e2ea-fbab-4141-89a0-2c0f9cbb830c,Zachary Holland MD
e9309211-5663-4ca0-8f8c-121b93b42e08,Debra Morrison
9fb264c1-780f-4c66-985d-69dd016a559f,Anthony Dickson
6ab748f1-d4ba-4b30-a20e-e3b1f4e89e76,Donald Weber
fda4e04e-09a2-462b-82d1-c1b0bf90e453,Tracy Santiago MD
12d04573-46e1-452a-a4fb-0f6de03f0a2a,Traci Landry
6c6b0d64-d491-4d0b-89e2-2019c3509118,Larry Gilmore
a71d29d6-95c5-44b7-ac34-455898a218a0,Melissa Wood
75c2353b-461c-4e8c-8caf-0a377d36cf23,Erik Mason
ca62d284-ac93-47fd-9468-ff9c0e921a99,Michelle Sheppard
289d7489-804b-40c8-9a21-dfa3fd37dd94,Emily Barnes
7fcb2658-54b3-4a57-9669-f260aee501e6,Kelly Palmer
79518a47-ea41-4532-888e-804392ef8879,Elizabeth Hahn
2e20a63b-37e9-4d37-a40a-8c0b00c1d869,Ashley Santiago
13d1c431-7ee0-44a3-a685-889f66842006,Cindy Adams
f64f3c5c-e336-4446-8c04-737e9fdd41d1,Andre King
148c7792-953c-4941-a90f-0c30cb7f9278,Sonya Moore
26154438-0551-4637-b4d3-9cfa41a8f80d,Emily Bishop
81573f3f-b3cd-401e-867f-bf0955c09cb1,Amy Ford
b9f978e2-3f14-40fd-b062-243486acec59,Vanessa Coleman
87abc273-6224-454d-863e-b1b650436a0a,Stephanie Love
3476b9df-6913-4e69-b8fb-6893a361642d,Justin Taylor
2fae68a5-15a5-4d85-abc0-be46ffe1ef43,Amanda Nelson
389a7000-bcc2-415d-ba64-f33506dd7089,Shawn Baker
188f73f4-8ccf-4362-96ec-762e5d6d5d9f,William Ayers
453e92ab-c2ec-43b7-baeb-e826172f2dfa,Kristen Ramirez
2d858cee-b012-4fef-9231-a4fefa3badef,Lisa Mendoza PhD
ed3eaf77-507b-4178-9c31-b91257deee3d,Timothy Gutierrez
37e8a54b-b72f-40f8-ad64-3a9c410051f3,Cameron Martin
00fd49b4-45ed-4157-bf55-fc560e189c34,Tyrone Ryan
49eda48f-9b63-4269-b50c-72434d88cb1a,Robert Campbell
9b03eeba-170c-4756-b51a-9fa89639e5b1,Cynthia Alvarez
0f42d695-e6a2-4bd2-a81d-655bbbcb7beb,Kenneth Nelson
ca76671a-f08c-4a9e-a275-bcac8c63f559,Justin Duarte
7abebe31-a482-4195-85a4-0b3eeceed405,Jason Richards
06cbaa05-9bb5-414f-ba70-76f5972087da,Elizabeth Miller
90dbef8a-fe4f-469c-9c7a-a6fe22b410c3,Tamara Hinton
d7f592b3-04c6-4dad-b97f-77761fb2f1b7,Mary Vargas
f606e612-ec3d-48f4-ae9b-443d6cb5a750,Michael Figueroa
6e2facd4-78d5-4bbb-8af1-bc92230d1a0e,Robin Vargas
e7f2522e-b062-441d-8bcf-42c32edbded9,Andrew Aguirre
1b6c8560-8561-469b-8b41-dd25f3f89e34,John Hughes
39b2d9db-8924-47c3-9deb-d55d2f337109,Virginia James
ad4b8267-6218-4f02-bc1c-e4efcb7a9957,Timothy Young
9706369e-3673-4933-846c-8cdfa3f628c0,Stephanie Quinn
16ecaec7-c246-43f1-8f5d-0c01cf9eed82,Charles Johnson
33933f6d-aa1a-494a-9eac-82057c3fa316,Maria Guerrero
e5bbb8b2-6734-4c96-a1f4-8e3fd2bcf3be,Michael Dean
c5b05d8e-45bd-4d0b-ac6d-eb532c36b4bd,Aaron Williams
d87908ac-2cf4-407c-823d-fa30d3fd360b,Todd Burton
c605ed63-312d-4546-ae3c-ee35dc7bc094,Courtney Harrison
d89f4aac-1c07-4324-829d-41417d1b68d4,Mary Kim
e4d60062-60e7-4299-851f-4c701e336c20,Danielle Lewis
9de9b2ee-fe3f-442b-842d-00c5e7b2c0b9,Gregory Werner
907adfca-97e0-4691-88dc-3e04cc7c03e7,Wyatt Bates
29ab807a-c2d1-4051-86c6-0a26cd71443b,Jessica Valdez
47ba1672-e856-46a3-b85b-851ab2822451,Richard Martinez
ad2ada00-6be3-4ddf-b537-21f7186a21f0,Christopher Torres
4f09dcdb-4559-4674-8873-d960053e6d6f,Martin Cook
6e576995-c31c-421d-90e5-dbd6f2db878c,Ashley Ross
3eca829e-30b9-4580-a658-8669005c4b06,Richard Pitts
158cc29b-2fcd-465b-b3a7-101fe9350f0f,Dana Smith
d14b89c0-3dd3-4e90-97c0-7ebe64685443,Mason Thornton
e2ffcd81-64ab-42dc-a6ee-c63468ad8edd,Lisa Lewis
a7d33a3a-2feb-4dee-90c2-01cb815a7a0e,Charles Bolton
ce0977bf-630c-46d9-9c03-1c3a5df9c5d9,Kelly Kelly
bba37bb8-759f-4e37-a139-3d13d3cc7e0b,Stephanie Adams MD
d0e98184-1af6-482e-8add-bdfcd8834237,Eric Austin
f2772588-156e-4f4c-b4fa-680d21674f68,Christopher Kim
6a9d9746-2127-4db3-acfa-ef5d7710956b,Allison Oliver
00017367-a996-489d-a1a1-be041defa876,Terry Rice
28b7ab16-c87f-43cf-b5c5-63537c360b82,Nancy Rodriguez
25a9a0be-d11c-40b8-902c-bf34faedb644,Barbara Ward
9152d472-c589-4fae-a293-1bf6e28d0cb2,Latoya Harrison
363e7f68-0810-4142-bf2e-157ca133ef0e,Danielle Weaver
0561493a-1f19-4614-8daf-b3f9fce53351,Barbara Koch
0d241372-22ef-4dfd-83ef-98a8e065804e,Jill Contreras
3f4b8b71-a910-4320-a00b-1989b3785bf6,Robert Torres
547efdf7-6802-43cb-bf9f-05407badc04b,Christy Rios
5201e8fe-9bce-4551-baa5-32fb8203e117,Ann Dennis
383837b7-2ca5-48b8-9704-63834ee89094,Rebecca Smith
9f2e371d-c5b5-4bfb-a4fa-c4beedeee7af,Martha Johnson
b0206d4e-53c8-4be2-8fe0-4d2c2ded8f02,Dr. Chad Chavez
21fea319-3472-4edc-8ee6-554b098493fd,Brian Davenport
18709aba-c468-446c-9e72-8d4b05fd6cae,Michael Baker Jr.
311d7de7-af05-4fbf-9b79-28d7a774bfe4,Dwayne Johnson
45605101-4c4b-4c63-85e7-3d8a8c615fb5,Robert Skinner
4467e2bb-dccb-4593-84b3-3f332c1dec2e,Crystal Mendez
33e687ee-6637-42f8-9f68-82b3fe2c7455,Daniel Edwards
08cd226c-91ce-4fcb-925d-76d22f866180,Ryan Hart
15d07388-9530-44e6-8704-090d95e74673,Mark Smith
57c33931-ce24-4aa7-80b3-1f8cba966fa2,Brandon Parker
418d3bee-d839-44f3-a490-95ba4e6b0b5f,Michael Welch
2b70a4d2-4a54-4d02-b8cf-62d47b73a65a,Carly Harris
a9847320-aec4-4281-8cea-8707b9228ae9,Jade Martinez
227ebe99-d453-4fb5-a995-9de7f9e5662b,Deborah Page
76b28ed5-cf95-42d0-a5ba-7e3d4b1af574,Dustin Andrade
1eaf3143-dc15-44b4-a47e-2debf969a583,Lori Butler
0bfb990a-ebb0-4e4d-b6e7-7cafad9eee67,Kathryn Day
4b5239ee-d6a9-4fb0-bb5e-fe51e09b27bf,Rebecca Torres
725aa4c8-4668-495c-a436-0b937eea6911,Stephen Archer
27ff662d-b816-4339-81b3-e5cda5f07543,Alex Rosales
a6ad6e12-3beb-4287-9256-042986d989a2,Tracy Gibbs
450b2983-9e9a-41d8-b9da-3429ba981085,Debra Wolf
b389584c-e054-4e39-ac69-a91b3aa7abfb,Stephanie Evans
07adf7bd-d823-4f4c-a7e8-6f7b2419e49d,Robert Black
c5783493-8f5a-4fad-997a-0778f5399866,Donald Diaz
4db598b6-bf2d-4009-90bc-55add8c49ba6,Kenneth Moore
f2d00e0c-245d-4347-b103-b260da42dbd7,David Mann
f07f560d-a067-45bc-a2b2-027ebc3e734f,Scott Jones
66c2eeb1-bc1e-479b-a012-f69fe254e94a,Andrew Perez
dbf0fe95-4acf-4e52-bb46-c9e5965d988b,Sydney Wise
b3f39710-29b9-4462-bacf-3b9c9d485a6d,Amber Franklin
3b2a6eb1-1a35-4c4f-8f03-729a3cac0459,Samuel Washington
affc01af-e0a3-4e33-a9b7-1650a7adc877,Melissa Miller
d2ef87cc-9816-4b9a-bae2-4a7d666c978b,Christine Gonzales
52f47a62-bace-4a95-9889-fca4d05e586c,Carol Lee
5a70abce-66e2-4847-9556-1b779e38b16b,Troy Hayden
62c7103f-7c92-418d-bed9-c18cb17dd866,Michael Briggs
808dd113-64e9-43c7-be21-91c7888e26be,Michele Allen
12577730-0b9d-44e7-8b67-c1fd6efcb294,Brittany Johnson
d238f16a-99dd-4c99-9d8c-127dead1b381,Richard Cannon
5c2360a7-66d9-4963-bf56-8f4df94619df,Sean Jackson
03181591-fb55-489a-a16d-c90ce157db98,Alyssa Riddle
347f847f-c7dc-4d01-9bb3-f5d8d32cfc33,Jennifer Manning
85f6ea96-ca7b-4cad-a501-3a0fe2b63987,Vincent Clark
e82c3c3e-3ddd-490f-89eb-1e88c5c6370a,Roger Carroll
70146ac3-6ebf-4903-9ff3-6c3a3eeb50f0,Karina Zimmerman
4a2fbd8c-e4aa-44a2-ab2f-cf649f7805c6,Francisco Parker
c2e9916e-d114-44ab-8a53-3804a0f69787,Seth Frazier
04cdad7c-240f-4e29-8833-3ac20a8b1ecd,Christina Gonzalez
f6954ab9-1728-4dc4-b223-a6b3312f50c4,Miguel Palmer
40cff9d5-ab58-417f-a277-4c2dccfe7725,Bradley Shannon
73900a57-078a-422d-91b1-1d2ebb8c4433,Rodney Gonzalez
c7a7408f-764c-4468-9115-9172d1b2d4bc,Kimberly Schneider
68ff9ee2-547b-4cf7-b080-daecefdd03a4,Ann Yoder
93125ffb-3419-4d9b-8f81-a9a375728681,Joy Lam
19d9ca88-7b3d-4011-889d-bbf240c3edd7,Lynn Ramirez
1c8aaaed-b90c-4d2d-a8ac-51ee4072f8e5,Michael Lucero
1d75f6f4-26c3-4953-a1b5-e25f198fcdee,Ashley Porter
ce28de0c-bce5-4bc6-8e94-b6c0fa29ff75,Michelle Herring
ca65adf1-ff73-45b2-99ee-a9ef0db88b51,John Lowe
768a38f6-a044-4b14-82f4-72dae25f7a88,Nicholas Curry
1af40510-eb42-4ad3-97ab-1595b9f76ece,Anna Hunter
d9023555-4525-4a22-825c-167b1bce8779,Julie Robinson
381751fd-6502-4c74-b597-b4662ad28205,Micheal Ross
2e3b4be1-e011-49e6-892a-186eb7b5185f,Billy Hughes
c789a385-ca8e-40c7-8ff2-3be09e63f3c7,Mr. William Baker
0534f45f-46a1-40ee-a49a-059e54c2b76a,Kristi Keller
36d22dd7-528e-4e86-92c5-df24745fc5ea,Frederick Wiggins
dd81d644-8a34-451b-92af-59052e357ac4,John Blackburn
4fa67f44-863d-45b3-839e-56423dcc983f,Courtney James
2b27a03e-5630-4a8f-9a83-4508818f1f8b,Nichole Brown
a289c112-9f53-4c35-a78e-e838e5302ab5,Christopher Cooper
5f0a8954-19b5-44ac-a401-c3e17806ede7,Stephen Mercado
4159972d-b42c-44ff-907a-afe8f652939a,Jose Fox
370aa344-5e1f-42f0-b366-09230069d3b4,Vanessa Howell
b8a1eaf5-f552-4c2b-b677-fb8e6242bd44,Carlos Leon
708d452f-ded1-4a88-aa02-3baba20b240b,Kristina Smith
9354e4bf-5a84-42f1-beeb-242baf26bcc6,Kaitlin Hall
b028e01c-58e5-4ee6-92d6-6fe246b81f5d,Aaron Gardner
6e45980a-b46d-4612-937d-219ab5041176,Stacey Miller
f13feb34-d968-4b20-afe4-41e62bea9196,Elizabeth Ford
f70b6943-e7af-435b-b613-b00979c06a08,Melissa Harris
db636cab-c2b6-488b-9a90-1c617a046ce2,Sharon Evans
3ece97b6-50db-4e0d-9201-6e75e0037707,Dale Berry
0f1acfb5-5b67-4fd3-b346-301e9465e64c,Kimberly Kaiser
7a631267-9667-48f3-b7c9-ac2b1fb4140a,Christina Roberts
327f3107-2f4b-4d06-a14b-fb9e37ea5dff,Holly Johnson
b24b436a-84a6-4de1-89be-9b6cfc008107,Daniel Coleman
1019a234-b9b7-429b-8de2-ea769e348a42,Jeremiah Smith
1d3b2042-dd88-4362-92db-b73d743b1be7,Thomas West MD
3badca45-dad3-4ff2-b3c3-29b307cef392,Deborah Morgan
c5d32ae7-28d9-4600-99a6-f5065542c069,Chloe Payne
7ee7eac3-25a8-4d07-8ca6-f3725ce8e6c7,Ryan Mclaughlin
9bce1c33-6fdc-490e-9101-6e91a8dd4ac4,Stephanie Anderson
892e23ec-649a-4766-80db-7a8b7f8ebaea,Sarah Haney
848af7b1-287f-48d0-827d-16a0bcbb2602,Eric Porter
8c249676-ba3d-4deb-b73b-d25eefeb5a76,Lisa Murray
6af050fa-db8b-4e34-938b-c2d117ef3958,John Lowe
0df00bf1-70a7-4203-8589-c7cfb1ab3f44,James Gardner
7f2391d1-8065-4ede-ac40-b3f3eb10c040,Sally Eaton
e24deed9-c281-4a12-a5b8-6148e52cc777,Carolyn Moore
fd604aa0-4cee-44c2-a4c2-bd9ede63ddb2,Nathan Murray
eb4601be-b968-4ecd-beba-a259ea84e290,Brenda Kent
08877693-15d7-4345-972f-0699d2f9f730,Lawrence Brown
896599cc-d0e2-40f5-85ac-34cd121603a1,Tamara Wallace
1cc6ef3b-ed7c-4485-9c8d-cdb0ff5c7e41,Dylan Anderson
738368b2-4e0b-4030-bf48-ba2c7f53d31f,Jennifer Richardson
79479ca3-b433-4725-8542-3448bb794eb2,Christopher Robinson
c940f7f0-2d2f-4fe9-b1db-1aca08707803,Sandra Ibarra
e9eeb759-a8a5-4f78-8fc7-948a0aee5568,Amanda Herrera
2f64bbf1-7745-478a-b488-808fed841d10,Michael Gallegos
3e6d8276-6e90-458c-ac84-feec461133f0,William Oneill
f8a1e41e-b4c2-4122-8f38-9384512fbf24,Samantha Kemp
4afb47c3-73e3-40fa-966a-82bcdd33d8ef,Debra Hall
523ea23d-b5a3-41a8-9b11-cdbd09866da7,Allen Nolan
90a27bf4-e509-4f32-a859-a1d71057ad22,Erika Phelps
a7563a44-f0c7-4e91-8886-2514329aabd3,Stephanie Carter
a5b95cfe-58f0-4853-bb43-9c889bc5c890,George Cline
d7fbcd56-80c8-4cfb-a1f0-6eba5c8bc632,Judy Alvarez
7d72adbb-a70e-46f5-b53f-c30d4f8327d7,Brad Williamson
53a7b583-7026-4582-a979-1fa2f210cd2f,Christopher Hart
c9ff344f-59e5-4162-9efa-651c59c9553d,Stephen Miller
2bfd9530-4924-4ed4-b5f1-f9b0f2758f00,Jody Hale
3e547778-bb47-4ff1-b15c-da479316eeb4,Jonathan Herman
578a364a-1efa-4678-ba7e-c8d7852b66a4,Victoria Parker
354e2a94-322c-47e9-a9f0-b231c3dc2c98,Jacob Barrera
eedd2601-2df4-414a-afda-8a0cf1de22ac,Ms. Mary Parsons MD
7dfb4535-aa95-49c1-b570-e1efa52d10e1,Anita Mcknight
9f92d413-da9e-4b48-9fc0-e9e098deac23,John Chavez
609909b1-1653-48f4-a0cd-eba440ad5fde,Marissa Greer
9c3ca86c-09ec-42a6-a3f4-56d2a398e8c0,Michael Davis
0328d06d-bdff-4eea-8cba-9d28da15ba98,Matthew Roberts
32c7c128-7b7a-491a-afff-43b47006b52a,Ashley Smith
0c333502-fda8-45d9-b56e-c092a4352bc3,Jason Jones DDS
13dbab64-dfa0-4a6a-900a-fabbd2255326,Patricia Webb
a87f1c15-5851-4a7e-ad18-8fba3ec81ef3,Amanda Bates
dadbdc97-759b-410e-96f4-e23be1e4847d,Kyle Evans
ecb345db-0fe7-4a5a-8fa0-e3483249a7fe,Amy Roberts
bba82beb-7175-4e6f-afa1-53300c0cf706,Gregory Wyatt
4daccc5a-6807-47bb-ba34-607ca80bd590,Jesus Padilla
629ace93-7afc-4864-8196-f92db6313dcd,Rachael Kelly
7c54e8d9-86a8-4b0c-a0aa-d329e900a734,Hannah Ross
8f132513-d9fb-4d4c-b6f7-ea82c58d2db5,Scott Young
638bf0b7-9f33-427a-954b-24a92dbe8b50,Mary Wright
58de0fa8-d428-44f4-9f20-2ee7a54792e4,Benjamin Rice
e0e72638-29fa-439b-9498-4a7bb360ad14,Amanda Harper
8154ca6a-f014-4dd9-b8fc-b6ec5754927f,Carolyn Bishop
9ceb2558-b5a0-4b78-8457-99e9801f310f,Lisa Roberson
73e953d5-ff23-44bb-947b-9b9ec771571a,Jordan Atkins
9f57a681-f497-437d-b072-1c84902fb390,Gloria Huynh
53646106-b6f2-4974-8fea-adac6441f829,Ryan Cain
179c7a76-d0cc-4066-a443-c6f273bdb571,Melissa Gonzales
094406c6-fe8f-45f5-bb0c-f1fa8d2516b3,Robert Everett
c7ad05b3-7b6f-414e-be68-d90867900d78,Samantha Holmes
f08449f7-3fd1-4aa1-ad70-145694260c2c,Steven Robinson
ca3957e5-071a-4db0-8235-ed66f3a1c6d6,Savannah Nguyen
499da0ea-c0d2-4a5c-8961-4545cfbccd74,Sarah Porter
742445aa-8e22-44be-ad6a-b614ba762843,Duane Myers
33b80013-e4fc-423d-81db-85abc4dd4918,Wyatt Hickman
4caee9ca-61ca-4758-b8d3-43ba42709704,Renee Clark
0a1a6989-72fb-4686-9f63-a3780cb435ee,Mr. Roger Johnson
61dc7282-f0fc-4f47-b900-de5a519ebf9d,Cory Hansen
7a93921a-d573-4319-b65d-199c46aed1f3,Andrea Jackson
cb5ddfdf-3b2f-48cc-91cc-d63f52b3a4e8,David Smith
e8ea913b-4d86-447e-93ed-bc3b9b6d2e2f,Christopher Thompson
9bcec9b1-0d18-4d3c-972a-106b5cfc2f42,Greg Acevedo
187e1679-f845-4d28-a96f-0afc423f9c94,Sharon George
a8e82999-f545-4865-84d2-76cdf5d8b5aa,Brian Fields
6e96823f-e1ae-45f3-a1b3-f54ab0f0a943,Stacy Lyons
1d01c68c-fd3f-41c2-8915-1b522fee3aee,Elizabeth Blanchard
2b3383bc-34b4-4e00-ae72-abf3eec0746f,David Donaldson
a4559257-c922-4ee8-88cc-8624eb250e97,Tiffany Armstrong
6d18c697-658a-401a-9570-d6f0f755a080,Jason Clay
9b4c049e-e2eb-49b3-a5b5-a2e23ba1ba14,Thomas Garcia
eade0c82-7b7e-4ead-9a04-9c7d8e1ac83b,Anthony Waller
c223219a-a168-4fcc-9379-e829c78533e4,Brandy Dennis
7f592b4d-5103-4193-b3e0-298e50203c68,Barry Maxwell
80ca5ed5-4a73-4742-b390-26ea51e28e78,Sarah Smith
ee50d0b0-5800-4451-9147-a24ddcd23e3d,Daniel Stevenson
8d6fea21-787c-472f-99d7-24b200dc5133,Benjamin Johnson PhD
eb991e68-450a-45b0-835b-898a282bb726,Sara Martin
668a6d53-9738-49d4-aaa5-f74cb2e33cab,Kristin Payne
2b5566a1-72ef-4e94-8c31-f849a9cef97b,Samantha Ward
1f67526b-1c58-42b5-a31d-aab268a72d1d,Wyatt Carter
fa9f31d1-eb2b-488e-b715-59a8893b31e8,Jeffrey Boyd
9fd7f5d4-6a0f-4b2a-a5a2-7b246b53f4d2,Kelly Johnson
ffcd01da-f815-46b5-ac1e-834c1b02820d,Emily Hall DDS
868554ba-f4e2-4378-a3d4-0ac940982098,Theresa Barrett
d4b80a2e-cc70-4720-b786-3aaff97f32e0,Madison Mann DVM
bce2f32f-bb98-4e09-abf9-1e8c1af06863,Jennifer Manning
fcfe60c6-3739-44e0-b90d-f000ca03698a,Jay Cunningham
6b7779c3-617b-48b3-b080-d3e8c77c271c,John Dunn
76974abe-aa6f-4545-a308-11e43f06205d,Whitney Collier MD
53847edb-65db-4a23-9648-a813110dd399,Daniel Wagner
cacb94d7-fa83-46de-893d-51970ae9548a,Philip Lin
066dd06c-0c18-446e-b6ed-bc535167521f,Jim Moon
dfb3e5fd-26f1-456c-90bc-bf96d07bf431,Kevin Evans
bcc61371-3453-4a56-ae90-0dcd8ed0af20,Kimberly Mccann
6c679bb1-191c-4f1a-b0b4-2f446cb1e5a2,Christine Morrison
500031c8-5f8e-47ef-bc1b-f832e8d97f56,John Richardson
60d9340d-6a59-47ed-8e4d-273717dad666,Melinda Torres
5976a7a1-5784-4b16-af01-f3be29923fc4,Corey Mueller
e5b47527-28f3-407d-9630-9c6fe0a9ac0d,Edwin Marquez
e922e4c5-e5b3-4569-ac70-cd28d7e1536e,Paula Mcdonald
c7c774ca-e52b-4959-b697-888504105378,Christine Miller
a3a90ef4-b41c-4460-a264-a36870e14b11,Jean Adams
6603a343-95ff-4d33-a485-c145afe0913d,Steven Walton
94ac4b7e-7ccd-4d0d-bfa9-5f3b64e886ed,Brandon Perez
87173d92-09e9-43ac-945d-844924df4dfc,Sherri Hernandez
cb486fb5-4f8b-4d29-890a-21045c3b8aab,Mary Jordan
707931d2-c572-4b37-ae1f-e8db78faa414,Jean Hansen
292750f1-5a45-4caa-afdb-d8ca58e7dc9d,Kimberly Rodriguez
b3b19d00-0ab3-45e6-a1cd-c6350c5e27ae,Erin Moore
fdd4a3a8-491a-4bf5-8e7f-04b3e018c638,Gerald Castillo
ef2a69ab-a708-4335-9216-2cc9273dba65,Megan Mcdonald
24724433-3b01-4aa8-ab9c-d28909315086,Adam Roberts
bc137307-bd4d-4742-a36e-0512529319cb,Gregory Rush
e5889d29-a003-48c3-9c80-a8fcd09f07f9,Teresa Murray
31712c21-495d-4dc7-830e-0e42b3f11ee9,Heidi Jarvis
3951d9ef-7cf1-4dbb-a874-a0b8dfcd74c3,Nathan Mendoza
86af9274-f653-49c8-a701-efadd41299d6,Mikayla Cole
c0900196-116b-4735-b828-9f0aa1e94f58,Dennis Johnson
22be6abf-d536-4c47-8f6b-113b178286c7,Gabriella Choi
0802eb50-5290-4841-bc39-96c0791c3749,Ryan Rose
55edd1dc-249b-4da1-bc43-b9f0be9942e5,Daniel Marsh
3cc12ae6-e20b-4616-af19-7402888339f0,Rebecca Roberson
28af2aeb-4bed-4d9a-98ec-e0be4221a0e8,Tamara Odonnell
8860bdd3-557c-49de-93b3-d882509c6501,Manuel Price
4addb000-ff9f-49b2-b446-3c8590e65fcc,Logan Livingston
dd8f6790-afa3-4cb6-af55-26c41740821f,Timothy Clark
174d48ca-2e97-4377-8664-0422464a70ad,Tina Grant
b48bac88-3d4d-4d97-a985-5dacaa2642d9,Brenda Daniel
ffef57ac-10b0-48fc-bc45-6ec02dff839d,Jennifer Martin
f0a7ee5a-8bf8-4778-af86-958b6e3af88f,Christopher Mason
967562f8-cab9-4a18-9d9a-6c13b86eed3e,William Reyes
6abd7ee6-8967-471d-b08c-69e298e88c8b,Dennis Kane
38071771-bef2-447e-b81a-3c6b629611cc,Thomas Peterson
2f244970-d3ec-4c0c-be75-ec473b3d08c6,Daisy Rocha
4809e2b7-16cf-44df-ac47-9f25d0227c39,Janice Bond
262d8da1-9545-416c-acac-264124bca161,Paul Cohen
467e1cbb-a226-4ba1-8979-591a68e43aba,Annette Oliver
98f10665-1cd8-4931-afa1-97ee9403b11c,John Roberts
afeedc71-912f-4757-a217-d2102ac570dc,Adam Rice
9ca47911-22f7-4c59-9f63-f452158ecba2,Benjamin Davis
8001315d-a99c-4bf5-a594-58ded233b1cd,Diana Rogers
2f9d611c-7280-4344-8638-b19b1dbbe68f,Taylor Smith
984de019-c77d-475f-805f-a14b390f8a4e,Katherine Martinez
8d400e7c-be42-4066-8d78-3b6ed1d81b8a,Reginald Smith
8125a299-7965-46e8-bb0a-03cd78d57f29,Heather Mason
125a7192-f317-4179-8898-662cb42cc3d0,Jill Johnson
439a12eb-f3e7-469a-b8f0-aae669bb0177,Jason Parker
3b9513a3-d60b-456b-8fe8-a53a9618180d,Beverly Parker
db4f9fe3-ea7e-430f-8574-f1d14129b9f7,Mark Mitchell
0ddab936-ba05-4a38-a9b6-f4a86e7a19f5,David Baxter
953c66cf-98d2-4db3-b063-1581aa1eae78,Andrew Cohen
5bef579b-339c-45d8-826d-b4cc28d763c4,Thomas Burnett
56652e63-1b2e-4257-97bc-80e5b7752e37,Robert Patel
a5e1389f-f8ff-4b94-944f-c1937e6800f7,Jasmine Knight
bbec39ff-0a97-42ed-9337-b6253ae36dd9,Margaret Roberts
04085c2b-5f5c-4a0c-a2c4-8e1fcb3dce38,Heidi Branch
d78b3966-6739-4da2-9a40-b5e64ceb6020,Joanna Jacobs
1350b743-ef09-456c-94bb-faef2ea28c60,Nathaniel Lopez
bb21372c-33fd-47c2-a085-3e9fb81ffdb7,Michael Davis
efc2fe75-d293-45f4-8eda-016d543c1a18,Tyler Ramirez
13056eed-cf15-4b99-b4fe-d2b3e20dc666,Shari Mills
40e7c5fa-5f2b-4c69-a26b-76bf068c5208,Stacie Cook
7cde9736-2857-4e12-a8d5-79371f326eb0,Ashley Anderson
aca5dab5-4ae0-4cb0-aa97-23557aa2bc52,Cheryl Jenkins
35a0e370-fe09-4199-8058-a56962c91cdc,Susan Johnson
d296b9be-9142-479e-91d0-cf7d7f2546d7,Kim Porter DDS
fbd1b944-6482-4db1-8807-a8a0c8e365a8,Pamela Johnston
48e8d571-8c98-469e-a298-191775754c92,Melanie Cervantes
218bc452-c980-458b-acb7-b7fbd3d8f17a,Mr. Alfred Reynolds
04475817-fe02-4363-8efd-4801fb8d6dde,Sabrina Black
00eb018b-7818-4c90-b7c9-34f082dfa9fe,Monique Martinez
272bb6c6-a26d-4bbd-bc6b-c8acab25beba,Richard Richmond
46a315ad-abf5-4037-a47b-0d2590c86192,Steven Hansen
7225386f-1265-460c-bbce-2d95c83b5452,Robert Oliver
f7eb9b1c-2b31-4f14-9fb4-4d6ffbdcd72c,Ashley Santiago
ee4cd97b-4cab-472b-bb45-10b2a962b233,Thomas Watkins
83afae43-3aa7-4ad7-b95a-ff66d18526c9,William Rodriguez
783bfa24-45e0-4b21-a07e-dc3753202eb3,David Barton
a11c9a5e-2e8a-4c48-9caf-9d241ff2733a,Jordan Mayer
de7832ad-a121-4bd0-bac7-c0a187d64576,Kevin Gomez
acf2c2e2-1dac-49e9-ac8e-597ce0d4de90,Donna Collins
2f3a35e9-2bdd-431e-8d6a-b58752a3d233,Sandra Farrell
a8db6f43-9d84-4d3c-87eb-4499f9291378,Kelsey Palmer
758c345f-42d4-4686-8a1c-bf21b04860a2,David Edwards
4f44bc36-7308-4e70-af24-8e93614db01a,Kimberly Jones
7faa3504-ce7c-4b41-876a-14a6213c0336,Sarah Yoder
81d44cd7-2e86-485b-aa4a-76871f17fdcb,Bruce Henderson
4bcbbc46-dd54-4fc0-9dec-2888feac228a,Jeffrey Foster
6eff0639-531a-46fd-89e2-a83bbf7f46e5,Courtney Evans
eba383b5-08ff-436d-a480-beba881c450b,Brent Shelton
4d05bbde-12be-4ef3-91f5-3d040739dfc4,Mary Ramirez
3d4583c5-d298-4dac-908d-beef7ed3f07c,Dana Ballard
57aa1193-d567-4320-84b2-5163bfb2a35b,Kevin Wheeler
f094bf04-a2a2-4288-8a6a-0091271195ad,Matthew Thomas
2860aabc-3ed9-4093-a805-49e33f756bb0,Patricia Williamson
60f556e6-dd8a-4a71-b8f1-66cb7fb1d591,Matthew Harper
bbb003ae-455d-4a4d-b97b-a6847636c471,Jermaine Young
95166c5f-9909-4fbd-8def-b03f7c7decc7,Maria Rivas
f11e5372-e9e5-45ac-8030-6288823a355d,Joseph Shah
6d244645-6a04-4df9-bc9a-55e303aa341e,Derek Hunter
bc3fb117-57e6-472d-a23a-b6aeb3c0be49,Dean Booth
2a74a373-8a39-40b7-b331-e9ed27284fad,Rebecca Thomas
03c70c78-a079-45d2-8f9f-12d3f9eb8f0c,Steven Williams
876bcac0-f906-45e1-b285-200eeee369d6,Tracey Larson
597040be-1957-4ca5-a90a-e88378c4f126,Derek Brown
a0e8614c-240b-4a7c-bfe9-c0c19efd7357,Garrett Sutton
5cc930f4-bb0e-4a74-93cb-661b7c53efb4,Katherine Roy
9c0c8905-b5de-43da-b1c4-280f01d89fb9,Daniel Monroe
159f945e-90e4-4ff2-b34c-ed304fde7955,Martin Henderson
ed9a60b9-0e68-4a37-a1b9-841e69750e75,Misty Robinson
ee3981cf-8f84-4887-9ec5-137b3a8a6537,Claudia Jones
adfa1cdf-1df5-4c08-ac37-d408c99bfb4b,Gilbert Kim
5c10519e-f541-4259-a7d1-e8590e9bb579,Brittany Wells
4b9b2d29-08ce-4f47-a55b-0f9db13ca6fb,Gina Porter
5c6cf83f-d0f7-42a6-adcb-c55c05727011,Louis Davis
4f8f5e73-84e5-4c47-9d20-23546be5d352,James Brennan
f3784602-da05-4dd7-9108-157869e5ff08,Brian Smith
448ea932-ee22-4449-b749-6dd48678dfca,Anthony Wells
da2937c0-7a44-485f-9443-c03352576e81,Michael Acosta
e8abcaa7-badc-4799-9957-e2fcd764ae8e,Glenn Galvan
291f3a39-143a-494f-adee-42a73749cb9e,Gina Green
b5381ed5-bd3d-4fad-8d89-c9d99c34ad9f,Jill Barrett
8c934305-2c98-4d94-b9ca-b1987679b83b,Tyler Evans
378f03fe-a6cf-43fb-acea-1c234fd97a51,Crystal Porter
97243baa-1eb4-4e2d-a61c-4524fffff365,David Sharp
fa1f0dd0-cb32-46e5-b512-00c98a3cbd49,Paul Gomez
d5e15a4d-9f73-4a15-b1d0-160a97b4f5a6,Tony Murphy
e422ad6f-687f-42ff-845f-6fc5e88dc2cb,Matthew Jackson
8ab50d0a-cf63-450e-9892-d48bfba73115,Mark Olson
567e9f8c-17c1-4c30-94c1-2e4812aeef82,Heather Lara
0ef1e8da-e65f-4364-9ce5-7cc45c639e3f,Daniel Gibson
459184f1-ba38-4d08-bba7-d41f8d618cf4,Charles Allen
87cea0f0-c541-4207-a5af-7d0af6e4feea,Marc Green
9a9acc9e-f348-47bf-991c-44dc2aafc6fc,Regina Chen
8852f944-b965-4722-a53d-b604cdfca39d,Joseph White
c50ffb38-e89b-4a8c-b352-2fd5c0e1b3d8,Melissa Allen
405a3416-6b53-4c27-a578-d6f183de0ff5,Karla Vang
722db307-72fd-40e4-a68a-e929aa804ade,Ashley Martinez
6937fd4f-2123-4198-ae84-75a2c463c3a3,Heidi Miller
b429e375-5a5b-4b65-956b-babfb71ecc2f,Gregory Anderson
03bc35e8-4055-459c-84d5-08d8634ed604,Nicholas Cohen
a4a12579-cf74-4d30-b315-1c56c4552c85,Brett Santiago
b0662fe7-be94-4ca3-8885-9a2fe5e33a00,Richard Stone
362d8408-e2ea-404b-8863-2c624a683164,Robert Carter
cc460472-8acd-4913-8dce-c8f812a7b49e,Edward Carrillo
e34b761d-76ca-4d43-9bc8-ae5d8342752d,Amanda Fowler
f9fdf33b-3378-4440-8abe-e4e688a58992,Glenn Lee
1a59c9fb-5529-4510-b4d7-e28a960b05f1,Ashley Jenkins
65034bb7-6a31-498c-84f8-a64e11f131c1,Carrie Welch
e80ed13f-573b-4d59-abda-f2b4bf8cab12,Walter Saunders
c38c1f89-0a41-48e4-907d-0266060eba96,Lisa Mason
2f4c5c4d-aa04-407e-ae9a-26dfb8d8f084,Cynthia Johnson
bd75fff8-5c84-468f-9c8d-17b32f9b293a,Joseph Smith
6bab95d8-1e01-45e9-800e-be40aeac55c5,Mr. Jonathan Taylor
579e1b03-6b48-4a01-8d9d-225142f2da25,Victoria Villarreal
13ac5ff1-fac9-4b22-8fb2-ba2f28ff9585,Elizabeth Lynch MD
d845a703-b456-4a78-88a1-9d1a2f9259ba,Nicole Johnson
a9e12f89-9f85-4799-9a98-de1d70c7cdc6,Joshua Proctor
cbdd796f-afbe-4077-a261-2a561463e9ae,Madison Mcintosh
f1066fb4-e145-422d-b155-254b47a41239,Joshua Turner
1cfcf032-fd5b-4b6e-9c29-4afafb87904d,Christopher Williams
d5273e99-8c83-4e02-b23b-21c9943740c5,Jason Gibbs
863552aa-e519-4381-8102-330fae11a894,Tracy Powell
c8d314f8-af32-4f4f-9e0a-e26e86328cb9,Benjamin Turner
01538235-b32c-460c-97b0-6c1b4ffb5685,Lori Williams
6549aa5e-a380-4131-a0f3-ced817dcbeb1,Ray Jacobs
7a905c1a-4e36-4565-a758-805a647d7645,Brittany Turner
303e5433-5bc4-4c8e-9a83-973c58e8bc6b,Hunter Dean
70af0f87-c78f-4049-9495-85aca800dd16,Patrick White
b3474867-e189-4ec1-90c4-efa7e7671874,Dustin Reynolds
13b9f2b4-b120-428b-bfb6-757dba605574,Brandon Espinoza
943bb055-fbb6-4e48-ab9d-996234b1d4d6,James Ramirez
a19a4c56-1511-4824-93f2-4edcad38e874,Mark Chan
53f6545f-7a5f-4c93-b65f-cfac12acb316,James Robertson
20e5155e-70ae-4869-8308-3fad047b51a4,Misty Townsend
883c4ac1-1021-44af-bfd1-6595567eae20,Melanie Roberson
05581f90-22ab-445e-b5db-5b34d95b7c4d,Stephanie Thomas
3363a811-2ed2-44ae-b4c3-15d6f87720eb,David Byrd
8a66259c-3948-4bdf-9807-a0e768b1c268,George Bennett
296ad0bd-c4f2-4eec-8d97-c9692012f94a,Brandon Roy
dc1efb32-ece7-4feb-8192-8d8ccf3ee205,Amanda Johnson
69e50edf-7d31-46c2-9704-3ac0f3b511fa,Susan Bennett
73fb1e22-45d4-4b17-9f72-df82579b45ee,Mark Barnett
1e837256-d21c-407a-bdde-846235a2d662,Hannah Davis
a24b3f10-8781-4c49-a4de-991892899edf,Brandy Ford
5638d123-4637-4c49-8983-1d60b7a8e6eb,Jenny Harrell
78f36961-ae03-40b2-bf6c-54b435374d53,Brittany Barrera
f129815f-b7a7-4c38-9049-7173eff896a0,Julie Barnes
e7667b98-5d56-48f3-9a07-6ac571d7dfe2,Michael Ball
e822e9b5-56b7-4cc5-becb-bec2a96edd30,Chad Walsh
69a0c5e8-f85e-42a6-956d-059363a896b7,Paul Barnes
c623eb23-a87e-4fc6-b0c6-6b6ec6610174,Taylor Blackburn
a9d4f780-6665-407d-8937-8fe0500fc06c,Michael Cobb
28e78d18-ba12-47cc-8acb-bee7c09e5df6,Matthew Stewart
d364749a-810f-44e6-acdb-f5d459de44d5,Michael Bryant
7234c502-d23a-46b9-9165-95acdebbcca4,Julie Taylor
ce53e6d4-9385-4f64-abd2-70e7ccc4a9c7,James Lane
53331347-cb25-43ff-b4b6-935c11e2953a,Mark Jenkins
157b406f-b725-4129-9733-83de1a8b89d2,Melissa Webb
95ce412a-b82d-47d9-a153-36b96d49a7a7,Rodney Gardner
de89c0e5-6d23-47db-a7bd-fc96842a1e49,Tanya Craig
c3d7c0b4-ec9b-4e98-b452-71e90eee0077,Steve Blanchard MD
33d80e50-c8e7-436d-8fca-4a56e78eeac3,Trevor Rodriguez
fe654da7-c56e-49e4-a12d-17b900a10621,Amber Lopez
b9791d7b-4a3f-439c-b672-2829ef5500e4,Sara Henderson
e68ad8de-7767-430b-a523-ef362aff2fd4,Michelle Wiggins
92508b7f-d02b-48ed-a50d-c35b490d830c,Dr. Melissa Russell
7e9fbdd7-3300-493d-a18f-5757195b6305,Rebecca Rodriguez
d059cfda-76af-4496-97ce-b9dbdb2ff64c,Michael Perez
2afda959-b644-4c54-bfe0-8377c35b9cc7,Matthew Bryan
8ced2056-51f5-418d-bdce-7ec916761bf9,Jody Valencia
1cbb5682-b39c-4212-99cc-8b7f69c2c8c0,Ryan Byrd
247c64c5-4d4f-49fa-9521-d6b11a94c72b,Michelle Olson
30377717-7572-4e90-9874-9d3c9f3fa553,Dr. Bryan Flores
d950d833-0f57-4d80-ac4f-552f691830b2,Leonard Jackson
28235b60-d345-4761-983b-32317d9e3cf4,Henry Zamora
69ba687f-8ce7-424f-abc5-077f6bdc6310,David Thompson
c9fee38a-d93d-41b9-a955-586a8d51cce8,George Shepherd
981229a6-27f0-4c1e-ba0c-273dbc650d91,Sarah Ibarra
f46405a1-3380-4be7-986a-f4bb00a5ec19,Darin Burton
14774c5c-c73f-4eba-9000-31217bf5c696,Lauren Waller
aeee34bb-dc59-436c-aa45-79da7940f742,Kimberly Jackson
cb3bb2d8-630a-4592-b1a7-49d8f518d9f2,Laura Callahan
320bb448-4841-4028-a8f3-f3b184bd4b59,Sharon Johnson
3074601a-6c92-49d1-879b-90f80b7790ab,Pamela Davis
c3e443a2-f9f3-4da1-9299-f8421bb84e53,Michelle Conner
624d9883-e19f-41e5-8f81-6b7cec7ae13f,Trevor Gaines
c1388421-2b2e-4e8d-91ad-c4f07136f050,Lisa Palmer
797aee65-b6a4-433f-839b-0efe9c93936b,Laura Reynolds
36e95c37-1287-4781-8b45-f6926db593ec,Alec Ayala
7534b02c-0ff3-46a2-b011-07b083e51bd7,Evan Williams
b8e4c2de-48a7-4a73-a353-f283c7838648,Dana Wolfe
46ffb4bf-4017-4e6f-b108-08317e869aa7,James Maxwell
8cb6e12e-b25f-44e8-a2e3-b4bb26904e9d,Amy Simmons
074e707e-3a32-4fdd-8723-00a94847403f,Deanna Kennedy
dbe08c65-a85a-477b-bb4d-23d91fae9e8c,Tanya Anderson
18b8044a-3955-462e-8845-65a18b09e5fe,Steven Hall
e552792d-fc59-490e-974a-cddafcde5c37,Christopher Villa
73a87049-eddf-4f04-b84c-36412081fa3a,Dylan Dickerson
5d8ee5af-a2aa-4a1e-94d6-b99dce423641,Donald Robertson
f2be9cbf-6ca4-44d6-9260-ea0109cbb8c4,Jason Henderson
17bda0ca-d48e-4200-add7-0063295dadf9,Shawn Stevens
bd0fafca-46fb-41ed-9600-0f56f5325801,James Beck
f8820f25-dbb0-4695-8998-b96c8ed4bff9,Mrs. Denise Allen
4c54e808-0939-46cb-b35d-bece6ce9dc00,Maria Garcia
a602e2c6-d5be-4b6f-80d6-1f25d570556a,Ronnie Hammond
63e3da9c-3312-4936-be1b-58b951ad220f,Melanie Davis
c71d9d23-82b1-43cd-b64c-6a0bf4630d77,Kristin Benson
5b0b2eaa-29c0-4e51-813b-d2e53a94493a,Sean Manning
992d7bbb-38b9-43df-b1b6-d486b2079d7a,Adam Carroll
b39949ce-2732-41f3-84af-b165674659e7,Garrett Martinez
78086a7a-7b99-48bf-931c-0ade618c74ae,Ashley Washington MD
c55b6dec-e0f5-431c-bccf-ee0da4228a05,Barbara Jefferson
ad41c540-c63c-4906-a862-69233637219a,Linda Carlson
30b78d8b-5f12-4f87-a9ed-61365cc9c70b,William Smith
4952f1ca-fef2-4057-9f65-25ce37a287bb,Angela Roberson
93f57ad7-3bb8-48c3-8ac3-04d536d53cc6,Julie Fuentes
8191931e-c315-48d4-9794-5ade72d04dce,Sean Carter
b9f66132-0829-4c5a-b359-926908e3d197,Donald Peck
fa7c65c5-ae54-4c27-9ea0-4c842ccd5ad8,Shawn Rogers
ef21b4bc-fe91-44d2-9f7a-096f48da82a7,Dr. Alex Butler MD
caaec415-88bd-44da-bc33-4319c7034067,Carl Sanchez
60b796d3-7175-47f2-829a-75b427063307,Janice Valdez
532edaaa-771e-4119-ae90-42a5f5976232,Traci Patel
75ea2d94-5cb1-4b24-99cf-ad196cc5373b,Dawn Cunningham
fcc7ef5e-5b7c-4e0b-8515-b14dc1dd4731,Brenda Jackson
c3759d1a-fd3a-4f9d-9730-b5e8a537dfb8,Luis White
feabbaec-3bbc-4b2d-9ba9-689bf44f1eb9,Sarah King
75f852a0-a50a-46b4-ae8f-bb990afb24cd,Mr. Nicholas Smith
cff2ea62-dac2-493e-b3eb-fce8279836be,Eric Francis
ba723e43-ccd3-4840-8c6d-0e21708863bd,Megan Fischer
db3b4d22-a5b5-406e-bda5-edfdbcb6ce80,Carrie Silva
3ae0c7fa-4747-4b07-8b57-6fe175b9d214,Richard Owen
d635f0c1-c2a4-4b57-9d2e-34d6d9df3554,Scott Perkins
9b97d287-5409-431a-9c7a-8eaec34e3a83,Ian Tapia
055e3682-7696-4ad9-b83e-15421a5a0fe8,Natalie Hunter
bab6c6ae-a125-431c-9382-6b41cb917cc2,Rachel Sutton
5f875799-c52a-4a91-8964-7d0afded8a20,Natalie Pearson
8c033120-805b-4294-bee2-0b4576aff1e3,Shannon Taylor
8ec8b9e6-c6c0-4d26-8c16-ec18e2246465,Jonathon Williams
50df9826-a9ac-4463-9d7d-4c961cad37e0,Brett Brown
704acaa1-f825-4294-9859-a9dd12e59526,Benjamin Brooks
3dde35ff-b1ad-4352-9bfa-54cc0320618a,Daniel Kaufman
03c8b2e4-e4b5-405e-836a-19296b419366,Amber Reed
7632a6e5-f467-499a-b3c9-5a6a0111cb04,Natalie Hatfield
e4be378e-b4fe-4da3-a751-887e0b85b187,Brandon Alvarado
e01c7e24-9b53-4993-9913-513fdd94edb6,Patrick Bowers
93c4b8b2-1504-4ea9-92aa-2a7bf40bc006,Mike Mills
0127f8b2-1f25-4b48-93e0-970493cfbe96,Mary Nicholson
e5899a55-a054-4eb1-b87b-eb92b969111c,Katherine Odom
c2309c76-770c-432c-8b3d-0ecbbc897589,Sydney Weiss
701dd75a-1411-40ec-a8e2-ee4c727602e7,Matthew Rowland
357e4fb0-82d1-4e80-a0fc-58f685637d63,John Phillips
54ebe9c5-d150-40b3-981d-7b522321ec75,Kelli Williams
ce9fba18-6f8d-4f36-a686-2634de5027e2,Leah Hensley
5ebdfe3d-3fa4-41af-add1-7b489aea6607,Samantha Arnold
8255cb81-ac81-43cd-9d2d-f6ad058faf90,John Larson
e4bff89a-2db7-4191-b8cc-98e3059862c8,Jacob Reeves
7f7f1e0c-409f-4120-9e9b-0e839bb7a1f9,Lisa Lopez
e466ecb9-0302-458c-8b3e-d90db441c282,Stephen Solis
03e0375a-9583-427d-9083-73eaf686ec8a,Kimberly Butler
aa420ca6-bb9a-4610-98d7-b3265599f2f6,Latasha Spencer
ef2b7cb5-6816-4388-b7bb-dcd36d799886,Christina Hernandez
2de23540-79db-4343-a1ab-6709800fc9c1,Michelle Mendoza
5aca4035-5699-4275-9dc8-26dd71f59d55,Rachel Willis
faef998a-bde4-46b2-9af6-2f286af8580e,William Parker
875e5af0-e22f-44af-8397-a22ba4999d05,Jeffrey Ball
0480c4f3-635a-4363-ae39-3ed50c1d62b4,Marcus Wood
8754ab91-e1b3-4c0b-8b4b-2543d4077d94,John Wilson
c7fcd591-66d0-45bc-81d3-8b5ba318641e,Karen Reynolds
940be316-4588-4fa9-a55a-a28aee087287,Brett Allen
4b4eeffb-8015-4343-9fba-75bf5874d5ca,Larry Roberts
c1f60543-3370-46fa-89d8-54264f670ccd,Calvin Strong
bda413ce-4783-4b00-863a-e235043d2d07,Stephanie Dorsey
fe638a79-c0d2-4d34-aa29-0df9a186f561,Deborah Jackson
9e5a2de7-de51-463b-8d99-69f20bca3d60,Curtis Moore
8296f71b-ab9c-4688-9c1a-76ae4fc621ea,Anthony Jimenez
ca36229c-d025-4e2b-adaa-4906bbbc5127,Douglas Brown
9ddaa099-979d-440a-b25c-98560324bc49,Tammy Patel
193e4ab7-1b30-42ca-80d2-d565eb8c9260,Matthew Walker
c124da43-40f4-4d69-be5d-0a3b3bb64684,Chad Willis
c9d4f557-348f-4941-bef2-41cf7b217988,William Garrett
a626a7e1-4d59-4a55-9182-909662d89d95,George Sanchez
ac156530-818e-4183-8d03-2b13e2fd7fa5,David Thornton
c089a3cb-482e-4939-b805-c9b7849a8d14,Ray Mitchell
58fc8574-79d9-468f-b46f-3d279d081778,Robert Young
9749c1f1-ef10-40f0-a9b2-bb731366688e,Lisa Lee
7367e4bf-4f40-4296-bed9-b4769495a725,Melissa Mcknight
f4a836d0-ad83-474e-8059-54912b215252,Robert Mitchell
134e9819-01f9-44b9-8f48-81db698105a7,Kathryn Mendoza
fe4e1663-af58-4841-9f54-9b020ce1045d,Chad Garcia
2e833878-5161-40a7-82ce-91c19caa787a,Charles Waters
6f5dab2d-f594-471b-8f7c-e64e8944e213,William Valenzuela
4f06573a-ce28-4cc1-98d6-4b0d8b0b59f8,Amanda Foster
432bc089-8659-4d20-9f7f-afa6841d5adc,Richard Lawrence
15856d66-edf1-4d39-8e6a-9809771b54df,Joshua Garcia
16f17784-29ca-4f7c-b0ec-513c5ef2c2c3,Nathan Cox
a218a28c-5bbe-4bc9-a34f-b40e31099203,Alexandra Chan
060875f9-0eb0-4e82-89c7-0f7ed8d0d691,Danny Walker
a14c8780-db18-48e2-83ba-211607e2a20d,Shawn Burnett
53fab613-60ad-4a0e-bce6-cc5c96387b06,Dennis Sims
5ed43cda-2f79-42ad-a360-28f3c08ddffa,Michael Miller
8b9b8107-aff6-4882-b40d-c75999dd911a,Sue Bailey
8078b996-d217-4c97-8003-e9369e8d29af,Alexis Gutierrez
031b2eb7-70aa-4a73-897b-8c81d0cd3c8f,Emily Bennett
8241b055-c20c-458b-954a-aacd4b49f28e,Shawn Williams
29297746-7ddb-41b1-a4df-a804b6a4c247,Gina Kim
f2d84759-0fc2-4d24-8efa-314283a6865a,Diana Webster
600c5cea-df7a-45ec-8c46-55293c6d0b31,Charles Romero
6212f71b-0a96-4df4-9d79-c3e29878028c,Tyler Spencer
e960bce2-80da-48e5-8f02-375b24074734,Ashley Lam
afe9eb3a-be6f-417a-98bb-89d0d562f411,Tyler Henderson
ce3e246b-afa5-41cf-ae2e-4bba10139651,Kathleen Fischer
3649cc07-da82-4367-86a0-f470b171a8b7,Kristen Acevedo
bd1eee82-c1d9-4164-9b84-8b5c28240f5d,Charles Howell
ccf77a7f-21ba-4c26-8e8e-edc55b2744cf,Audrey Campbell
f08c9be8-c143-46e2-92f5-bd5d684f2a33,Robert Robinson
d9ad4c05-ad09-480d-b192-7cd688d4600e,Cassandra Torres
05b27a2a-dca8-4419-a509-ff8eb43c3d1e,Ryan Wallace
67faa143-43cc-403c-ba1b-741b3da76c03,Shawna Williamson
ba2392d2-49f2-46f3-9cbd-359399d765ab,Jennifer Manning
f8457353-1c5e-44ba-bbfc-80e8fb9ae21c,Brittany Peterson
3b64a8ae-2f2a-45a2-a068-6372f0c4239d,Karen Bennett
646ff155-bf02-43a4-b826-e8ca1c12af23,Stephanie Price
371fae52-b313-442d-8818-8aa524b20d96,Kelsey Taylor
aaf298a7-bc0f-471f-bc5e-9f4d08e2c914,Ryan Lewis
9f639334-2b20-479e-a661-49e8a093ada1,Jessica Best
67146a79-14df-4927-b704-89a8a0f7f190,Teresa Summers
39defd7f-ab81-44b8-82f6-226752514e7a,Joanna Hodges
3e6a04f5-8628-4ebe-a61f-8afc4c317de4,Allison Harris
8f6111a3-d851-4886-a389-c7bafec691c8,Jeremy Riggs
d96de460-e66b-46d7-906e-561b29af83f0,Julie Wyatt
807d12bf-6abd-49b2-b668-cd1577d2f70b,Carolyn Carney
d1699f33-3c2a-458f-9a5f-907bed76da54,Marc West
f40e5cf0-c863-46a3-95ce-2f8122012197,Donald Smith
383baa3b-9031-4d15-affd-06248d9196a5,Brandy Dean
80058503-8989-47aa-99ce-fdd946257b94,Erin Chavez
0b40929c-49d8-4575-bcc5-7ce3fe9ad97d,Jeremiah Sandoval
b5c00a77-3364-4647-8a55-9b6c4ac7d6a3,Charles Edwards
26721662-e2ba-4688-ae47-7f2816815aeb,Theodore Boyer
5cf34a6e-df5b-4c61-9c60-5710792d8374,Joseph Brown
e6992a62-b5cf-4c11-9993-134b4e70f5ca,Ryan Jones
8d654013-8fcf-48c3-82da-b125fc43e980,Krista Young
456eeb48-6793-41d6-bbed-33d6f12eb455,Kimberly Stark
1e6e3421-cbd2-4efc-affa-4a46ea174520,Daniel Smith
6ead10ea-06de-43c4-85bf-1bad73102df5,Amber Clark
00c4eeba-4f60-4bc6-87b5-9694d6f7be73,Erika Mccarthy
700983e2-399b-4931-b3d2-d36e83bc849e,Angela Armstrong
39419196-30d9-42fb-a96b-e56c7de13314,Andrew Stewart
69d9e20f-ad88-4758-bc4c-b57bdc724894,Michelle Barnett
6dfd05f2-607d-47ba-a341-607f2adef2d4,Megan Sharp
82b46993-b9ac-4e6d-bf42-9d6451239949,Elizabeth Davis
78b99333-d2da-4dcd-b00f-9b605525eaca,Carlos Lynch
6111d113-6dd7-478c-b461-894ad9ff6893,Eddie Brown
85d8cdd0-92b1-4809-b701-578f60c66a07,Kerri Blair
3a2c34e6-1dba-4fc5-a896-9c82a18b1835,Angela Liu
659ee8d0-c5ce-4e3e-a8d0-a7e5a3731d50,Caitlin Vasquez
08b5ff0a-1fd3-42fd-832e-1de4ecde639d,Daniel Greer
86e37f79-5086-4ab7-a488-2c9fb5bfb614,Brenda Dillon
4a6a85ec-aa03-46cb-a286-f428e6de09d3,Derek Lang
9e5595fc-f45e-4d07-bede-a80d762bd2ca,Christina Rollins
76ade11a-f4a0-4590-af0d-c6db1981a09c,Kevin Mcguire
c86fa2b0-e6a8-4381-8718-78d99b9df4b4,Sydney Eaton
df5c3679-84b1-46f6-9bc4-96523139e099,Shaun Berry
3cd99d89-d602-4b78-9ed2-96a30d275d6b,Douglas Coffey
ad15b5ba-fa9f-4fc9-b08a-5362403ed032,Nicholas Meyer
c75bdc90-fd86-46af-950c-701f81c3d39e,Michael Rodriguez
b184f7ea-918f-4da9-8dd1-e8c454d8dd03,David Lewis
b2304264-2c57-4390-9edc-4168b39356bf,Patricia Patterson MD
48eefe47-b92c-40af-8921-100956e7a413,Lindsay Noble
5be290ad-2ba5-4bbe-a756-8001886b3378,Christine Gonzales
1b386821-2fbf-429c-b83b-9a41040216df,Jeanette Johnson
d02e9b97-b1a2-48e8-ac5c-b2d5df1d9adf,Michael Morris
1dd579fc-3570-4895-8134-9a434beedf46,Robert Wong
96c37457-5bb4-4c4f-9033-a02dd3b17793,Brian Church
9513e067-a785-48d7-a42e-dec5d1389599,Karen Oliver
49473f07-e9b3-4594-9784-9114a3372928,John Kelly
b007f1e2-7297-4705-a3a7-ca2f89679809,Molly Kent
5162d20f-912b-4c5d-bbe9-e043d599b2db,Christopher Hess
82f27b3b-ae66-4e1a-b992-aa3756ce84e8,Caleb Wilson
1472fb18-7ba5-44f3-9ea9-f42a931ad48f,Michael Walker
a279f007-3de3-49ca-89ff-da9ef104716c,Madison Austin
03977cea-31e5-43bd-b0a3-95c40f57cd03,Rachael Stafford
3c5ebb90-fd05-4183-9762-8a59edcf1b6e,Charlotte Davis
7af2371e-ae30-4b7f-99ff-8d08e3be5630,Larry Ward
ea07a889-2be8-41bc-b8d3-ad74b0d57ade,Steven Escobar
db64c40e-237d-4fa5-987c-37360b5d311e,Michelle Barton
a0f77d3f-b045-44dd-9993-2074e28aa840,Maria Macdonald
ffa0a5ca-9d75-49f8-aef3-b943e1985e1c,Krystal Mason
baf91b8f-6288-42e5-8025-7d88935eb2a8,Max Alvarez
5e112847-9205-4b0a-a7aa-fd69037acbca,Kevin Tucker
870c5644-cc1d-4bed-9b0a-e6eefe89e843,Henry Harris
381d6e1e-3a2f-4e76-a335-53b3164acea8,Mary Owens
d9631e2d-c3ba-4691-8316-27da9c5021d0,Shannon Baker
04949c14-c885-40ea-8f42-83ce91df13d2,Savannah Murphy
2da741cb-2f4a-4fec-9b81-78226c24cda0,Ashley Miller
f42401dd-9aae-4c12-91f9-73d76b7dadcc,William Sampson
1f3bab23-1342-4917-9a9e-d7afefd7e4fd,Jeffrey Cannon
19da2c8c-287e-4fc4-849a-e6e55dacc92e,Brian Sweeney
ad8a56f5-91ab-4b22-be49-ea9b6e6c4f80,Jennifer Davis
68172e3a-cf26-419a-b8ba-31c7469d9a1d,Bryan Bell
b0982fba-d6ce-4dc3-837f-3876fac62dc1,Courtney Rivers
51d18956-ae58-4777-95eb-cff66f592760,Emma Harris
30818f89-f6b0-4879-8fce-3dbb69de56c2,Kelly Wells
eb1840c0-72da-44f2-a92c-84cf1bb1619b,Suzanne Farley
f1cbad67-ec51-486d-945c-b7fbae95f1d1,Melanie Pena
b68cae27-2cb6-4954-a81d-9f987ac23fc9,Cheryl Atkinson
6dcb2137-b478-4757-bc1d-08a3e92db013,James Lopez
da120cc7-d253-4e5c-adbe-455e9c648ccb,Lindsay Shepard
0131ec2a-a0bc-48db-b57f-1cc61e1361ea,Michele Mayer
4d237f98-1041-41ac-87a4-9860a6408085,Natasha Carter
b503437e-384a-4a92-aee8-db24aac2de2f,Daniel Jones
b011d956-6015-4701-81ff-c800b425efbc,Michael Rodriguez
e1a28746-69c4-4704-85c1-650dd35cab6c,Danielle Anthony
952b957a-3b24-454e-8f50-125a9598b991,Daniel Schneider
53321b30-419a-49ce-8030-e922e9428fc5,Stephanie Watkins
8b05edeb-e2ee-49ac-afba-9c29348e6adb,Heather Henderson
189d9ffc-1a2f-4864-a304-13b25f1c0926,Jeremiah Smith
eee7fe7c-0232-4f8b-99f6-1d2e6a46f7c2,Caroline Miller
e7c98918-1e25-4003-b2b9-972796c386b8,Mary Martin
63da9cbe-739f-4800-a39b-14c59c15c9ae,Austin Norton
624d9605-d622-44ec-b1a3-672e3af0e09e,Brandy Mcdonald
b4b4952d-e400-4941-994e-b617d06c4024,Kevin Arroyo
5c0c8bbc-46b7-42b7-a9b4-77b506e9cd9d,Teresa Lambert
1a49b20e-a376-4900-87a1-02c1d919285b,Christopher Holmes
3d16fb37-b1df-493a-9a68-3a1b7e20bfca,Dr. Matthew Brooks
859658a7-96f8-4a65-b662-92626c393a10,Christina Johnson
400a0189-88ed-47e5-bcb1-d5147a8fb264,Holly Harvey
09f7ecd1-657d-4352-bb70-f283714dbd87,Michelle Anderson
2c95c230-9cf0-44b9-9daf-dec99a1726a5,Michael Williams
21de9cc5-87f8-4f5f-a43d-f9afbe22e1c5,Trevor Bell DDS
f9c01097-1931-4a55-bf8d-4f6e4f37749d,Justin West
4824c4b8-1cf3-47a8-b6a4-3c5ff9a68623,Dustin Santana
4e329964-67da-4497-ae27-a192165b8279,Aimee Dean
a0a4ea1c-06b5-47d8-88c0-853123082992,Anna Fleming
fe4631b4-0092-41d5-b46c-8ccdbe7646f5,Destiny Simmons
ef4520b3-4076-46a0-abc5-b6e90085a8d9,Kelly Bennett
d4756348-bccc-4588-bd0b-d0dfa1d86484,Jennifer Sheppard
c8acb536-4c6d-49f1-946f-9892c27ac56e,Jonathan Davis
3b3d9a12-7537-435f-8520-b81fad8eee51,Cody Perez
1f599ada-95bd-4f64-a189-5346f5012d08,Andrew Foster
81719b8c-ae89-4026-91b3-8fc65b2822f9,Joshua Harris
adbeb73b-812d-4d31-acfd-b38fb83fa2ab,Robert Perez
bbe8dd33-66d9-4f88-83b8-10db0029c9f4,Andrew Hicks
cb247bf6-fe0a-4d1e-befc-c3be565ad1c1,Jessica Robinson
e5c486c9-7649-4b8b-b839-8cad9e69263a,William Robbins
8fe1cee3-1d46-48ed-96ed-54376b113b42,Traci Hicks
c1347a13-551b-481a-997e-c29ac03a395a,Tony Mendoza
2a4804db-0a13-43d8-bb55-1d52b78f486c,Ryan Garcia
f8038ce8-7738-416f-ab66-c0afab9e7ebe,Katherine Berger
ad808a2d-88db-44a9-880e-c3724871ec80,Keith Austin
15804d37-5c73-40f0-ac4e-8ee555933860,Robert Lang
254b9e06-9513-4d82-9aef-8887f44b5ce9,Jessica Lewis
42eb6ec3-5ead-4a36-906c-e9c21650ae16,Ashley Meyer
9812bc09-151c-4632-bf2a-a9df4dc0e9ca,Denise Stone
e36e7bed-255e-4a47-b0f5-02263cb60a8d,Valerie Bonilla
adbab367-accc-496f-a11c-06ad8020542a,Michael Santiago
8461559f-9be5-4e3c-a12e-8e0d81ec278c,Michael Leon
8fb820b1-c33f-489f-800e-14fa26be85cb,Jennifer Robles
8dabf406-14cd-49a3-80be-38cee481ab15,Rebecca Bradley
595f9216-7a87-43e8-8af0-218a92469751,Kathleen Sawyer
5f682345-4d4e-4ac6-a37e-3c26cc6817dd,Victor Hall
7aff6a95-9250-4131-a034-08f17358925d,Elizabeth May
fc092926-c081-4e8a-aac9-66f69e424ff8,Brandon Lopez
beff3caf-f2b4-4437-afc4-e2247d26cd76,Bryan Thomas
cf5ac855-e935-4394-833c-f676ed553842,Madeline Smith
03cc6dbe-f7fd-4b0f-8781-8b659cdc7012,Katie Keller
b05392d6-95ac-4950-a3f9-dd5174b2497f,Mark Jones
6fb4d32e-9921-4291-8b9e-94aa7abd4c8e,Dustin Martin
819f395e-ed1b-46a0-8d83-615d45e80217,Meagan Robinson
0fdcef6d-1261-48d9-bd26-7d42e9dae46d,Carla Jensen
99204452-5f4f-4de7-a45a-711cfa8311e2,Cheyenne Briggs
12774b89-41e7-4a9f-8cc1-85fd9b7cda70,Cory Thornton
cf906a2a-e544-4504-b5e6-cedbbcb15b9f,Jessica Griffin
212f7950-5425-4bfc-8463-f0ba057ecf08,Jeffrey Durham
ce0ac7e2-907d-420c-bc50-564770b94a8d,Harry Smith
0c33f61f-3971-4daa-97d7-55971ac84b33,Shawna Knox
5f668c4a-5e7c-43eb-b8f3-6f0a06c7c61f,Brian Mcdonald
3d6bb1dd-527a-404b-8cfe-e549fe2ca4cd,Ryan Serrano
69c878a5-f364-4291-901e-622b29251def,Nicholas Ballard
608cba2a-cac5-458d-ac7b-c3796eb53f0b,Michelle Williams
04348458-02dd-435e-a165-5ea7b6b1a465,Brendan Rodriguez
451c76fb-e24f-484a-a481-a378c2edd0e0,Darrell Cox
39582fb1-3692-492b-aa93-12543f7e231b,Glen King
b835a935-b624-45e2-846a-d7a71abdb154,Thomas Armstrong
f54374ac-74a7-4e6d-8aa9-fa47a0dcd3ae,Lauren Ward
5655eda4-0c46-4c6e-82b2-0a50e6a79a5e,Casey Miller
b5e02310-41c6-4823-b5f7-e3909facf6d7,Kathleen Goodman
89072892-a6c0-4422-be0a-320a0e436e7e,Peggy Martinez
11eea49c-38c2-4d91-aac6-1bf0995db08b,Corey Rasmussen
a981c12d-612f-4bc1-b35c-f5079a402f3d,Daniel Jordan
e932b6c3-a8e5-44c7-b24b-ad43e18fe0e2,Jonathan Rowe
e0c82c19-e967-42f3-90dd-e9e844393df5,Jessica Wade
a0d7ce88-62e5-4575-8e39-d85c2211d5f9,Michael Smith
338b2859-c390-4446-8b79-55a7b3f49fd8,Fred Gibson
94388c2a-faa4-471c-9a0b-80d4c82d89a8,Teresa Humphrey
4fd738eb-168a-4b80-81da-2d27e6a6e560,Sarah Miller
00af4b29-c296-476c-8719-8f7367cbcc3a,Dwayne Gilbert
0d250915-406c-4308-8b42-fb7d5af49cd7,Dana Simpson
87be46fc-de37-4aa3-b943-e383c43933b9,Keith Burgess
5b14328a-6acf-476d-a30c-072654f10c9d,Amy Mitchell
fa39a549-6894-4030-bbfb-7e4b5fba555b,Richard Li
bf7970ad-d863-42e2-a387-5f0a3979014f,Kimberly Coleman
96bdd41c-4347-4f5f-921e-7e013b1aa245,Brendan Atkins
2678c286-08f4-4437-9033-881f6ebea079,Alejandra White
505563ab-cbbb-42d8-975d-c0c769e58dff,Emily Briggs
bf033276-1b18-4c16-972b-65fc07aacb57,Kenneth Johnson
9a2f2dd1-c18f-4277-957a-406f9517371f,Amber Cortez
3b3dd37a-ee12-4945-b696-66a4ad891f86,Justin Barrera
4a95a958-68e2-4bd3-9159-e5e01fd1a8c4,Dr. Maria Moreno MD
22d96f60-47f0-4b13-a9d1-0285ceaeab82,Ronald James
916733a5-b34f-43b5-b258-7a877d8111e2,Randall Reed
f34f4d73-5ce2-4a22-9463-98a6261c223a,Dawn Thomas
5d62c988-2e03-468c-964a-6d0b2994babb,Kathy Nichols MD
f20539a7-cfb6-45cb-a178-e9a503574fe0,Mary Alvarado
a9d69351-2772-4f53-a5f1-472b0ecfaea8,John Perez
4d34887a-3cc4-45e1-9107-edfec868d2f7,John White
90e60b04-cd6c-4d2f-9358-74f3ea15a742,Katherine Wood
e58f9cb0-d2a2-466f-9e22-402dcd0c8cfd,Autumn Lee
c79b905e-b08f-4ab5-bef2-bc2124747cb5,Elizabeth Hobbs
6d881bb0-a829-42ac-989a-87d7832d0419,Aaron Smith
f2fc962c-6df8-4103-8b84-7a9ad1cabfae,John Farley
49e000ce-241f-4ce7-a2a4-17d433affb45,Rebecca Jones
0daeedbb-2a69-45d6-9ed9-b7bbbc40e5f4,Candice Adams
3694f143-c313-496e-97a6-514c2dc31b85,Mark Johnson
e5fee72b-12fd-49af-a7b9-5f5220941bbf,Andrew Lester
1c175a81-cf18-4cf8-878f-d14f0c047d6f,Christian Young
0d81b5b3-6813-4224-a38b-c09f80767775,Joseph Fletcher
7e53d688-532f-4f8c-a72f-f4243ffe6144,Jill Mcknight
e507c173-8500-43e3-b5c3-c1d535753b66,Connor Jones
573ff3c7-c308-4814-9a5f-43283dc2d07a,James Santos
e1e49ca6-b6f2-4d64-ab70-03c6747760e0,David Curtis
1d9de2e9-bb6e-4e33-afb8-85bb0531ab17,Kevin Diaz
3a38eef0-6414-46a5-8987-e9e95d09086d,Paul May
39fad991-2ecd-4d47-bfd7-d4e09588b357,Dr. Tina Thompson
a05179dc-a47e-41bf-a1f2-912483034ab8,Carmen Arnold
7860e8fb-dc0a-4a83-96bf-6e78f94cd651,Alexandra Colon
4a1d0f98-500d-407d-9c22-639f545564a8,Julie Dillon
6ff0c778-d9c5-4c8f-ade8-0e82bb51bdf5,Miranda Myers
3e3eb890-f2c9-4ca3-b49d-5753aa0378a1,Nathan Howard
3d8becd3-46d0-4e22-8307-5b79737a1a83,Andrew Anthony
0e2e7e16-e822-4219-af69-6f537ed8be99,Jaime Wood
6801c3f0-23c6-4606-b200-f115097612fa,Paul Green
9257457c-7e0c-4fc3-b761-2d2d49d8b613,Sarah Robertson
7e1b1148-b04b-42e0-a45b-543c4ca76ff5,Carrie Franklin
bf49a6db-086e-428a-8fd2-2792b46b1317,Whitney Salazar
bd558125-43bf-4132-bec4-fe3f7ba0681d,Jonathan Johnson
5b4f4c73-ceac-4e19-beee-9f61fc32e7b2,Vanessa Sanders
c3e81bfa-c4f8-4ad3-bc54-f168c5937058,David Alvarez
ba3ac29f-493b-4ceb-89fa-de5813baab46,Tony Garrett
38965ec2-8007-4bd7-9175-4a11ee9cf81a,Jonathan Moody
40a0bd7d-5955-414a-bf40-0ae4e5860cb0,Stacy Ferguson
2e479b12-2623-42cc-8919-05884d6d0147,Jeffrey Torres
cc749e1c-c58b-4e21-8d70-b17bbf117156,Tony Lewis
70851064-fc81-4892-8b39-5273d70ba490,Thomas Valencia
29d8e4d0-8cc7-413d-b4d0-f7f6bc7a3709,Carl Dorsey
a32eb5b1-0035-43c7-a026-946edf16c8da,Anthony Rice
96be0cc8-a395-4622-9162-e2d8edc65496,Jason Callahan
2d810bba-1afc-42d3-929a-dc856f6559b3,Sarah Franklin
b0f12c61-2712-4213-9539-710c8d0bdc5f,April Meadows
2c5245fa-2ad8-440e-883f-f229c8f6d80b,Sabrina Hall
fd9b5f20-7c6d-41de-aa0c-e77bf3317bcd,Mark Brown MD
840b47c6-6240-42c1-b55c-d3a68a88a4b6,Jonathan Schaefer
4accf4cd-6de7-490c-875f-9b4bb73e912d,Joshua Ortiz
8a2fd061-440c-46b1-89da-6d37066a287c,Adam Barrett
d3b9b6fc-2028-445e-8cbf-e7ac38c9686c,Michelle Patterson
f4bf3f80-bc34-4930-80e2-072b6962ed90,Jessica Duke
0b2747a4-fa9d-44f4-b7e4-cb6fcc2e3687,Joseph Robertson
97ea3ced-38ee-4114-ba0f-048bb0c3c080,Cynthia Thomas
b0dddff8-53c0-4a5c-8e55-d7fa22f798d0,Tiffany Bass
2d39acc9-e0d4-4d67-b071-8697290a41ab,John Paul
f3f081c0-4713-4b90-a535-1c029d58e964,Patricia Johnson
5d6c8a1b-4e5d-4de4-b687-a769252e419a,Don Valencia
2bd705e0-ea16-4e71-9746-114404970330,Paul Gardner
8906da79-164b-4176-b02d-139f26bb0208,Scott Cabrera
de60db20-91c0-466b-a88b-32ecdf688f81,Megan Faulkner
acb5f4e2-01ca-43ec-ac83-83f1e8449778,Maria Cabrera
b835ee8e-3496-4a49-8f5a-32f7f81e3c0a,David Foster
6258fd49-7883-4fed-a180-1793098c45cd,Gregory Reynolds
4754454b-b515-434e-af37-748a9e677cc2,Carolyn Ramos
2fc46b4e-7f11-4526-89c1-3ae8498ea9f9,Katherine Spencer
fb336770-7b08-4358-9600-33603b0a048e,Margaret Houston
199b21aa-79b7-45fc-850c-69ca67ff3562,Cynthia Frazier
6dd31886-ca61-4d32-8c3a-3825e3b18e35,Jody Foster
43ff3942-1d9f-40c6-8429-0c1d772403a0,Terry Simpson
3a5cc700-1c39-4ab2-a09c-091c31d85beb,Samantha Anthony
5cd14d47-49f7-458c-8c22-59249f301454,Nicole Russell
02162662-cb3c-48ed-93d6-3a1d9fa68c44,Gina Smith
9db46ce9-0eb5-43d9-8bca-988a3c9054ed,Alyssa Martinez
c6d41b48-abc0-4152-849a-310cf9363f33,Andrew Rosales
567f6a03-fb67-405b-a350-9914805b434d,Steven Huang
888b4f94-10e5-4fc2-b0ee-ea9d5ba9ca7a,Eduardo Kennedy
7d65dfbf-38ae-4560-b704-e66f51a56f4a,Jordan Allen
1f3362fd-514c-4726-8dbe-4b348ebbefef,John Henderson
77f80b96-a7c3-4e1a-b66c-1d760e748d23,Duane Wells
b45c6a6e-b2ba-43bc-8c20-e39c033d64c8,Danielle Griffin
58141c56-2b92-4347-a7df-5b1698992787,Wanda Diaz
601ea275-0412-40d4-82b6-c8aeb3f0b12d,Chelsea Blackburn
63131c2c-e378-4bdb-81fc-c603258cd961,Vincent Carr
ef908a00-a0b9-4882-bd44-d062f7daf1d8,Manuel Hess
f38a22ae-e291-42dc-8846-a7826c266f42,Christine Wilkerson
a7e1b527-9f98-48a7-b31a-7e0b39cb5f3b,Allison Young
50c49a09-00e3-4a50-be9b-7998eabe542f,Jacqueline Wilson
83c2f695-0022-4a49-b1e7-6e5e934fc307,Ellen Crawford
bb9eae8e-748b-4162-bfa5-5b1cc394dfb4,Edward Mclaughlin
f875e995-2d91-4051-99c9-338b3fc655fa,Amanda Diaz
8472833c-e77c-4e9f-8dab-675343a9b8ed,Destiny Roberts
23bfe26f-3a3d-4ad0-9441-4cb6561adb34,Jose Butler
2285f144-90a8-4a8d-9ca0-6d25e82e6254,Melissa Wolfe
7970467f-9a88-4867-9df2-5f8298c103df,Troy Lynn
a801519b-732a-4cae-a13f-17c8eab9316e,Kimberly Johnson
777f6b7b-6b65-42d6-a71d-957bc56cbb5b,Veronica Farmer
f4fbc5c4-270d-4429-a196-8001e331f2d6,Brent Conrad
8b05ffc3-dddb-46dd-8527-2cb75b9fa347,Tara Osborne
bf648189-f932-4b2d-9ccd-c1904819ed54,Mr. Robert Wilson MD
5a2fa67a-69b3-40d9-8de4-14dc15ca7be0,Courtney Dunlap
70d677bb-7597-4600-9982-67b60697b080,Charles Pineda
a9846c80-55f2-434e-b83e-4bda47a94b08,Jill Smith
de5f01b2-a4cd-42c6-b718-693c9066cd08,Mark Lucas
4aca403e-7398-4bc4-8e7b-26282b45eaf3,Cheryl Howard
fed93019-312c-459f-8a8f-b02682e53602,Rhonda Watkins
03bdf37f-4938-4fd1-910b-4a5112142876,Miss Carol Garcia DDS
0ce062ea-7db9-42a1-afdc-6784cbff749b,Brian Brown
54aea91b-e1f2-4713-891e-661799d9044a,Steven Reyes
9fbdcc17-c56a-498d-87bc-8674d2038da6,Michael Thomas
02d3da6d-de03-4be7-9d1a-1db0ad980f43,Kristen Jacobs
2892e519-8dfd-4250-95fd-b80533934417,Emily Dunlap
c34572a7-a53e-4a3e-bbc6-8f59e215fcfe,Joshua Simmons
788949cf-a426-47bf-b408-76f809f29d45,Diana Robinson
f4296c86-6c6a-4d48-b05b-cc8bc4077958,Lee Miller
5079f5c6-214b-438e-81bb-7c012235cc35,Paul Barr
c9b5509d-0271-44cc-be2d-790b7c976a9f,Samuel Vincent
710726a0-4f5a-4955-8168-1492d4fc9cd2,Amanda Kaiser DVM
e20a9933-423f-4114-9392-4f103616a39b,Faith Duncan
bde0a73f-52bb-4d20-a31d-7e6cc105b304,Jacqueline Cuevas
27604398-6939-4ad7-bc5e-cfe8cec232da,Nicholas Colon
cf41346a-de36-499d-9c52-ccd44d4ec3b2,Daisy Johnson
ae38e6d0-2689-44c9-904a-8b2b8bc8d1e6,Robert Kim
1bc29d85-caf1-463d-96e0-87847a305c7f,Richard Baker
baaec257-637e-49f6-a2a2-87e1eada6a17,Christopher Smith
d309a88d-ac6b-49ac-832d-9e28ea170e27,Norman Martin
1ba985ef-3cd0-4c3f-ace0-0ea6fe280624,Elizabeth Perry
72c75166-e307-4217-aecb-ca02360ab013,Jacob Brown
eee50872-1279-4a59-a1ee-e0dcda230e65,Nathan Webb
c52f7511-09e5-4f00-b324-a6d5a75f4915,Sara Stephenson
98d43018-c281-49ce-98e6-09b6b28933ef,Jean Young
26ce93e0-8d8b-4e99-a3ee-1864a9c39f82,Paige Gonzales
98414127-9fbc-4498-b4d8-45b0ca49e7b4,Laurie Ortega
dc1d63b9-61f1-4b1a-8fca-ac5754877ba3,Richard Jones
3d02fd49-3dfa-4e47-bc8a-7cdc2368b880,Carrie Mueller
19ce768e-b541-40bf-ab8c-2dba5ccf62dd,Matthew Williams
b6a92ae8-ca9e-49fe-a340-8ee1f33c618a,Margaret Hart
0852b88a-b30a-4773-b7a7-2c6cbc91336b,Clayton Brown
16f49fe2-c3ea-430b-a2d8-4ee22d52865c,Jeremy Stokes
32d126f6-c462-4137-bcad-8b4fcb612732,John Lowe
d50b9ba8-706a-4b15-8734-b9a67ed866b4,Jeffrey Browning
8911613d-39a4-4de1-90d4-17083a971400,Michelle Velez
c9945200-5a92-4591-8e1b-dd432ba551a8,Catherine Krueger
4c5f24c1-e7f2-4f33-be8c-1d20f52ec098,Andrea Rice
e1cf2844-dba8-413e-970f-67d089e97b75,Joanne Mahoney
aad0f171-01f3-4649-86c3-258e4dc19d8b,Mark Guzman
77a51432-0949-45c0-9fa4-0445c2116b55,Vincent Rogers
7a834022-c8cf-49b3-a3d5-e7bf34146f7b,Abigail Wolf
4563e879-407a-47af-bd1c-03ee54c0a22e,Edward Young
f0b4e9d7-633a-4f59-9dc8-62c275023c90,Barbara Smith
6a79aebf-c37a-4b5b-b363-09fc275b2aa0,Laura Sparks
4ab1f651-5b91-42fd-a42a-c09772e67eca,John Jones
bd610f0d-190f-4d1b-9168-29769886ed8b,Ryan Davenport
35293720-7d4e-4704-940c-4e5a355aede6,Brittany Hernandez
9f32fea8-f001-4a6d-8fd4-096796a77f0c,Natasha Johnson
70429280-522c-44bf-9931-02d86880e123,Terry Welch
37177084-d3eb-455c-adad-2c49977a6ec5,Richard Jones
7fce3822-97dd-4e14-8078-dbd50c5190bc,Melissa Larsen
946b4ca8-36cc-4f01-90bf-87938ad656a3,Sarah Edwards
1ad84b4f-e1b3-4fad-8427-d0c560941477,David Freeman
3f82e69f-0948-4463-b0e9-f0f0278b2e1f,Edward Whitney
4744b322-9248-49d1-82e2-853a6637b74f,Jacob Mosley
d823f3f8-57e0-48af-ac0a-49f69a943eb8,Michelle Tran
5354dd8b-b75a-4b20-b7df-605335c3a5c6,Megan Griffith
41b73ed9-c2ea-47ff-b72c-1b6c56706bc7,Johnny Gonzalez
c8229dd7-c66d-4b06-9297-7aaa46fc22dd,Teresa Benson
c9b2e97b-4844-4158-8555-9ac2ca985b25,Nicholas Murray
4e36e7c0-7a41-408e-9c2d-53a7f79c50f4,Fred Hardin
008db756-07f8-4192-9fb8-a2f6b25c9a96,Charles Smith
068b41cb-1b69-481a-aa2f-86466c38cd5a,Lauren Powell
1b77cb51-ec28-4a74-9703-c118bed600bf,Anne Moore
1a6c5217-de2a-4cf4-9c34-5864b32f8586,Becky Callahan
0af0399c-d8f7-446a-8b2c-23df1fcbf095,James Murray
7e289dd7-048b-49eb-9924-1dc40a0cb5d6,Kayla Rodriguez
6c1712d1-6120-4b18-b4bd-5e40e85efcbd,Casey Miller
6c0a096c-0a10-428b-9c05-6790368b7619,Diana Aguilar
a7fbfc5a-028f-473f-befe-3ac970f3f847,Charlotte Martinez
89da0c49-2ae7-4bff-a056-b5573e8cb2d6,Robert Benjamin
4d23f6c1-cbad-4a0d-bd8d-a41cc7953872,Michael Wilkins
f75940fe-e330-4566-be68-79d97a153a58,Adrian Nelson
a95fad3f-c576-443d-8fb8-10cbee76ec7f,Kelly Waters
361d2263-1fc6-4956-a9d7-e19586786829,Andrew Beck
006154a4-143c-4118-9c80-6bf2ce671a96,Kyle Franklin
b61c4328-b520-4214-af2d-00e53bbf84f4,Angela Hester
acc5add3-d8b1-4e39-be8b-74b16ee8e12d,Caitlin Yang
d560fc41-7589-45f9-9d33-47614d3f0039,Kimberly Bailey
98a7c730-ba14-4991-aa02-4240f99b9fe7,Jennifer Lamb
5fec8c53-df68-4a34-956d-b18ed2e64a78,Mr. Tyler Cox
989ccd6b-c7df-4d4e-865f-10a9c4ce4770,Donald Brooks
a50b09b4-4018-43ab-b51e-60f30e04f9f1,Cindy Fletcher
67aafe84-58ed-4498-b9e8-39697903bf6f,Shannon Martin
3e153ad2-8b4f-4472-ad31-fb57b919d934,Patrick Crawford
86d59a0e-b8fd-4008-b88b-a9f7722e4efc,Lori Barrett DVM
2d91602e-b951-4bbd-8508-ae612d3365f0,Jennifer Vega
9b2b6ad2-7d7f-49d4-9690-dd44ad26900f,Jeff Rodriguez
f1188961-09fd-4212-b189-cca3baae8588,Ashley Perez
27b94095-7763-4f7c-bc26-0ec135696bc0,Sharon Morgan
cbb224bd-c043-445c-801d-993a4d3f7e8b,Eric Holmes
3cafdce1-49e3-4832-a9be-6ae2ade58205,Deanna Wilson
1264e530-2260-44c4-b69d-592994fb8a40,Gloria Jones
1f23e864-c397-489f-90f4-1b330e8cd318,Andrew Williams
de886fa3-dc1b-4cd9-b1e7-528e4ca7f21b,Michael James
9d18d790-789c-45a9-b2c6-e270b0374c3c,Adam Hall
22ad4f73-1d7e-4b06-99b3-19e1f6c2615e,Monique Mccullough
b75539cd-1448-4625-9f54-dcb00494f4bd,Aaron Maldonado
ab54f7f6-644a-4101-afe5-222c0c5da46c,Julie Wang
b552d3d5-5ef3-4983-b133-d6faac8ac31a,Kylie Juarez
fe3a0c49-5fb1-4057-87e5-ad497158f818,Chad Garrett
20f40607-026c-42e7-9f63-b0d07c8317c0,Shawn Cook
f2c3aa00-743b-4a5e-8736-3653cc8db804,Jessica Smith
14d5f871-333d-42b2-9879-fc01c6a1edf5,David Heath
eedcd6d4-b4a3-4d43-94ed-bbc6dce80a4b,Ronnie Salazar
066b5da5-8c30-4754-ae28-de3a2b80a4f3,Daniel Johnson
6a3c9a88-16f9-45d8-9e3f-8d87849db081,William Wagner
a4554cbf-07b2-47f6-aaf6-c76688540eee,Shelley Shaw
ca896002-a280-49c6-bff2-06494b14d0ab,Amanda Delacruz
133e4ebf-87bb-4a52-975d-1328a2408f3e,Amanda Bean
4bf9b9bd-5217-414e-983e-0781064319e1,Cassandra Rodriguez
73a034e7-8ee2-40f6-b536-6433a7439b03,Michael Cobb
14b9bf83-11eb-45a7-8c11-7f1ebbfbd536,Brandi Perry
511f40e7-ff36-4dc0-9ca2-929cd0a1a0da,Linda Barr
6c884d82-0a56-46e2-ab48-3466cea474ef,Kenneth Watson
07b24c89-0150-48db-a0b7-dfbcad1e143f,Bryan James MD
f2836889-92ba-437b-a711-7e01768d3605,Lindsay Doyle
53252586-d3fc-44ef-9c59-b2732b8f689a,Mr. Brian Carrillo
86b9c4fc-b0b8-4e78-9e2e-950a3f04bdbc,Jennifer Padilla
baef7fef-d185-4e6f-b333-ed391c32e399,Blake Rodriguez
7e62cb2c-da9e-4eba-bff8-97d2df2aaa00,Marcus Johnson
56d758e1-9bd5-4204-98ed-9c46393d159f,Patrick Miller
7f105c37-893b-4aeb-bf09-7f59412bfc38,Michaela Jones
d0ab404b-fb57-4009-81ef-532d46eb5bc2,Tiffany Figueroa
3326fb60-6113-4e71-b314-2d602012f965,Robert Hogan
47162941-145f-40d1-a712-96f65aed9082,Matthew Hernandez
f1747739-0774-4b6d-a86f-675ae6f7fda8,James Carrillo
2e0772fc-fdf1-4578-a6b1-3d0053155dbd,Karen Mullins
5e6632cf-4ff7-429e-8e5b-d07cdbf47829,Mariah Patterson
b0c6d44a-5f19-46e0-82f1-11ec644ba049,Vanessa Gonzales
f8b0d380-627a-4549-8936-b45351faf160,Cynthia Cook
c203c788-8ae8-4e2c-9e53-7225d851bdb1,Dawn Cook
abba34ad-5c11-4987-acf8-da82eb8ee6d0,Blake Allen
67630238-a105-4a55-9447-98444131b47a,Jordan Perez
517aff1c-5312-4f0b-ab58-70de19cb666e,Betty Carter
626819d4-7b08-4824-8b10-221c7f0cc8cf,Brittany Davis
a35e42e5-142d-4eef-b6a1-eb2eb5776dbb,Lisa Howard
ca2da990-23da-4b1d-b931-a85f610ad7a2,Melissa Simpson
0d6ee4c5-5586-4af1-8d42-5592e9b01fe1,David Perez
d616afbc-f411-4db2-a341-29fe1dee6524,Patrick Chavez
f5027a8f-f868-460e-b068-40ef9b21ceb0,Angela Gutierrez
da471c40-f03e-4410-803b-5491c2710dc1,Amanda Taylor
72cf5a32-41d4-4a45-9c65-b1df46a81fcc,Luke Allen
8a74a8b6-7c48-45f9-bc2d-93be8e8021d6,Sharon White
81da3311-1b48-438e-8834-56f817a6d709,Kathleen Simmons
a870ce8f-e97a-4f29-ade9-6ee8b11d2b44,Laura Vasquez
2c51bacf-b2fa-43be-b4c1-1db477eac7d7,Denise Scott
8a8e37a0-9e63-438c-ad93-b664ffef405e,Brandon Moore
9c64fc42-4819-4dd9-916a-a2c626bd85eb,Jason Hess
e4c49a7b-27b6-4994-9bc6-39330304bb50,Victoria West
1fd048d9-e818-48eb-8e5c-223ae0488c0f,Emily Horton
d5392f50-6e2d-4b70-8650-a14dbbb1259e,Stephanie Nichols
a1f523da-6e05-4f4a-8c4f-cf5a8e93f2eb,Richard Douglas
9e82544f-1605-44b3-b6c5-df293a2b39e4,Melanie Brown
3ff81a7a-d1e7-4591-aede-ae5fe17a596e,Charles Freeman
1ee2fab8-1af1-4af3-90fe-f920ffc7e0d9,Melissa Evans
7fe388df-b26c-482d-85f8-efda8b7249bb,John Acevedo
8321c7d6-bd7f-43ad-aab0-a266f7e0da02,Kimberly Hart
ce8ea617-b1ee-47ce-a10a-3e16d49ee083,Ricky Campbell
6b7a815d-df01-4d35-a452-f0947ed08b38,Roger Smith
d95cfe4b-befe-446e-9abb-64c28475ae04,Tommy Johnson
47521ab2-87f4-404d-85a3-4ab7a8dbd7c1,Kevin Rodriguez
636cafc3-2afe-431b-ba7e-5199e9f7e499,Thomas Wheeler
0a2175e6-669d-4e81-bb4d-39f1ef147857,Thomas Chan
e93a4e2a-2ee2-4823-94a6-dcf1c075b868,Jessica Miller DVM
f3e02455-07df-4dfa-879d-3459567a4a98,Gregory Evans
b8d92929-391c-4125-b4ce-adb854ad8b07,Brandon Carey
242fd90d-b81d-4d34-8bf3-191366b2cf3b,Kelly Brown
7f5995fb-b8a1-455a-9ae1-1c0ee20f4d65,Mary Payne
5db4d980-d532-48a0-9354-2866fd5d9782,Victoria Moore
ce185439-4582-42a9-a5ff-8cf17e411340,Kimberly Prince
f446e271-b139-4a84-9d98-c4c6bdf164d1,Monica Myers
af26e4bf-e984-482c-b7f8-91b322e179d2,Courtney Chung
7ca51ea7-d167-4c8f-a373-c59f48fd771c,Jessica Stevenson
f0a99d63-cbf7-4894-98de-d1ed4e02d861,Tonya Smith
5abaac4a-bd61-4cfe-94c7-7dd9b100b926,Benjamin Long
56b8c71a-bccd-4aea-9ebe-74765faa29b2,Sonya Bennett
0608d065-39ca-4d9e-bac4-c34096a0d82b,Christine Andrews
b0784bd4-791f-438a-bd87-41d6ca4ca12b,Erin Fletcher
ce9a1c06-e381-4abc-8572-f923ecd3d171,Bob Barnes
05fc64ee-84c7-4c78-9065-0b9de398ba03,Robert Cruz
3a883ec7-c202-44e7-9b27-ad4a3a474145,Marcus Franklin
f9f84b53-b047-4e7b-9450-7560d72c4744,Aaron Diaz
020f6e5a-d35b-44f6-9381-c7823d448543,Maria Clark
8766ddcc-4309-48b2-b57a-64570cd71086,Patrick Zimmerman
912fec48-a9c1-4189-93d3-ae5b7fe724b8,Garrett Davidson
04da91de-4b8b-402b-88f5-5bae51697956,Susan Nguyen
4088b387-538a-444b-8841-677a3f9e8d19,Julie Thomas
9cd32e7f-fda7-4255-a6bd-f8e0fb44a1fb,Justin Rogers
1614e5ff-4a95-4507-b7a4-ca6cf699d2af,Raymond White
c949ed4c-2070-41ed-befb-ee9bd8bde452,Christine Johnson
651ebd5f-520d-4733-aa72-aae5a82bc076,Allen Rich
f2bda07b-fc12-4908-b319-c76a226f1c5c,Janet Salinas
1ea38806-4560-4bbd-b758-80ce3aaa3433,Melanie Smith
15ae5523-ddd7-480c-a4d8-e9285a04720e,Luis Stuart
7eefafa3-c516-4634-9f47-360f3d46be14,Amy Johnson
bd0c8faf-cfb6-415a-9ab4-4bab37c9fdb2,Juan King
e44551df-422c-4f86-ac8e-630007dca0c0,Samantha Gutierrez
88868f10-bfe4-4fd7-b898-9f909086c04e,Mr. Timothy Brown
36fe02f4-3ef7-4119-bfe1-b4db0175a592,Brian Leach
5bf8eb6e-3b76-4640-859e-2ed583622ff4,Albert Garcia
21f02587-4783-4c28-b9ef-68d1839be944,Makayla Clark
891b09c7-9c5a-408c-9a81-304583dfcae8,Daniel Dunn
1f913c51-01dd-401d-8bba-1ea69e1a27dd,Sharon Scott
5e64aa1c-f569-4b99-b843-ed81a2901e45,Cynthia Mills
1a82b939-6e87-492b-8073-b3be88a4e6ba,Amy Fisher
703c1b09-06ca-4280-a50e-a1b933f18988,Alexandra Mcdonald
12d7f9b5-b84e-4b91-8b90-207b7b13910c,Lisa Lewis
f578ea35-f12c-4319-bd12-4704d28babfc,Krista Smith
1e87f23d-d449-4a8c-aa43-5c7af2138a30,Jennifer Phillips
5f695457-9daa-4469-a387-670a4ee2678e,Robin Carr
31d4253e-c568-4595-91fe-7b8adb013a70,Paula Shaw
e4b434df-b484-4dac-b3d7-8ffbfdf89969,Sara Nguyen
b7e79b6e-d1ac-4b1d-baef-98ba98539f4c,Donald Mcconnell
13c5669b-2a14-491c-aa01-3c3026d392c0,Denise Davidson
95ac6c0a-b1c8-4cda-8e8c-c4e81bfe5981,Katie Huerta
011e0f7f-dd2c-4c5e-abf1-ffbbf6df98d8,Daryl Harris
b534ea32-bdd1-4626-be6c-2bf4283cbeba,Jessica Holt
27d541c9-607e-4dfb-bf58-c86f78897cad,David Smith
b641386a-7a64-4548-95ad-571ea991f165,Daniel Arnold
884d7264-bff7-40f3-b33e-71e1267c88db,Lauren Patrick
9d846528-89b4-4959-87b7-261c7df7b6fc,Phillip Hernandez
aadc2564-7104-42cd-a384-0e5dc063199c,Lisa Powell
d7240288-c72d-4e4a-b002-0e587db1a735,Kim Flores DDS
723732b3-9f41-4f3c-8f56-16f37a048c10,Anne Mack
7f658480-7498-4878-ae72-36cd48ac046c,Veronica Holloway
e1714c91-f521-48c9-aab9-ac270de710fd,Carlos Pearson
ea7160eb-320c-4f29-a857-7c501c271e2b,Jackie Collins
ab19b1f2-c826-44e4-ae49-1e5cc8a4dac2,Mark Sharp
49936d40-b530-429e-ae23-a39c5786a0a3,Sue Avila
f4c2f4b8-732c-4a15-b63e-ba888710d7e4,Shawn Meza
eb9b7849-8aea-4b76-9923-111e8046d2c6,Michele Evans
ea6c9964-c41a-473e-9ac9-c7968e4a2d87,Ashley Martinez
adcaf9ee-cad9-4580-b82b-e8d9a4dd0921,Nicholas Le
4a8c30c5-a55c-425b-841a-cddf4c06c554,Judy Smith
14efc994-4517-4f2b-b680-b2c393c9c6ef,Lynn Brock DVM
587c2207-14b6-4076-9af1-9a5cbf0a0d03,Julia Miller
e273fae4-6160-4d5a-ae63-772eed88c1a0,Alexander Harris
28ed8806-461a-4590-bb71-40234716e334,Cynthia Cook
d4f0a7e3-f0ca-4b52-afcf-6ac2d94bace3,Elijah Brown
0addc114-6354-47d9-b2a7-6b06121d4af3,Jill Boyd
eae64faf-16e9-4e51-ba8d-764572c1f498,Eric Peterson
800cbc51-cc9d-4a97-9a83-d5f2daa81965,Daniel Johnson
bc29d5d7-74cf-4495-b047-d928af7d1754,Edward Smith
f2753e0a-92e7-421a-9401-2cd0d72a551f,Ryan Raymond
62d8f613-7ee6-409c-bb93-09c400e484fd,Michael Vargas
3b133842-fba6-4d57-aabd-aa250eb01893,Arthur Mccoy
49abf07e-31a6-4deb-b6c1-6da7d5313c64,Joseph Howard
192b86fb-01e2-4309-9137-1ea218195a15,Brian Hamilton
09a5ca2a-40ce-4595-bd1f-c2f8ee8932be,Christopher Foster
fb05120e-29c9-4ffa-bc01-2ae7dc18db55,Crystal Smith
a4a0ec8a-4adb-4f90-b244-9252bd02d61e,Kristina Herman
f6980387-1d7a-4ee2-a0bb-bcdf44088c1f,Jennifer Webster
45d375c1-88b2-44c7-ac2c-98eb44a3c144,Amy Johnson
d3c9d35a-1663-4e25-b53f-eccbbe7edb7a,Aaron Mcdaniel
23b75562-c40a-40cb-ab42-cc3b2551814b,Patricia Wright
4b23ce7f-1006-4fce-ad55-b6701befd162,Michael Boyd
fc104490-f244-459d-bd81-bbe4ec59b511,Jordan Walsh
9a26ec35-1f98-4edc-818d-8ea05f624122,Jason Gardner
51bf1600-3cdd-4f00-9119-734ff0ac4d28,Taylor Barnes
888d3093-0141-42c6-a9a8-ec3bba250172,Jonathan Stone
0705c84e-b4f0-4637-9c7e-1c3f9a2e24d4,Nicholas Garcia
0de9a299-a23d-481e-9b12-f8616b98be07,Aaron Henderson
db763042-77d5-4fc6-94f6-ed9924195e20,Margaret Le
7752f581-9058-4f2c-8525-e9febfda559b,Barbara Price
87659eca-23f3-4e72-9a72-6a12e6f3c0d2,Samuel Wood Jr.
d064f361-ec0a-4baa-97dd-59c3ebc43f33,Deborah Cervantes
f556ff07-4ad2-49dc-beb2-8b87bcf1a6d3,Jesse Brooks
c8353a00-2ac8-4f89-bc7c-ab79d1237122,Devon Carter
1ef93010-1c07-478e-b147-fefb51b58d6e,Leslie Townsend
5535f45b-4aea-490e-931f-14d203331fa9,Tara Wilson
4f973e71-2e97-4d78-9f5e-6dddb60f9223,Amanda Russell
3024aa19-02b9-4928-8358-cb2b5b35984b,Jennifer Jennings
e78028be-1762-40fd-91ab-0a646470edb1,Leslie Morgan
4d7f590c-2902-478f-ab0e-e6884f4a4d93,David Bowers
673d71f6-0ed0-4d3e-9296-57e22dbba44b,Zachary Jones
013bd34f-c36e-4710-8f29-a8e7dad12344,Kristina Walsh
d0f624c5-cc2f-4cf9-9e28-997e151ed0bd,Tiffany Davis
839d97fe-776a-40e2-b5fa-d67340d422f1,Anthony Burke
d7bd0a72-7d9b-4def-bf6f-7ab2197c43a9,Victoria Mcgee
21f28535-1dc2-469a-86a5-c03f45def331,Laurie Morgan
362c78d1-b687-4679-9eec-05999628e51d,Ryan Alexander
0564f6ba-b1f5-446d-be02-8bfad4d1956e,Angelica Kelly
8ce7bd40-70a0-4f91-ac7c-27d22db0f344,Angela Lewis
60e3c03e-2257-4403-b078-390b7d3d596a,Bailey Huang
eec3c0d3-cbb1-4539-87c5-da3c5a1f3166,Derek Martinez
b23b5c1b-c733-4cba-9c0c-c6972171cf80,Thomas Mendez
6c3e0b17-1c0e-4bae-86ca-cb16b0bdb13a,Sheri Edwards
97097304-fc4f-4112-837e-72a5fafd143b,Kenneth Bishop
8b725f1e-c5b2-46b3-818c-8424dd082c90,Jessica Smith
dc201ffe-1d78-4001-b7c4-9fdcf76a2fb3,Denise Vazquez
e93dc0d8-e32f-45a6-9f03-a0cb975ecab1,Alexander Campbell
de3e0f2f-03fe-4b30-9c20-736e38ec38a3,Dylan George
70cbdc8e-c25c-4f6b-9fed-b6c90cf71e44,Robin Kim
97811024-77f6-4ead-a5d5-9cd96f551ef1,David Garrett
ed3fe44f-caa6-4c2c-8996-a7c9f6293e58,Angela Lopez
f3272c26-aad5-49f5-81a5-5a9a455477eb,Patty Williams
92fe8087-4870-4d6d-9e24-65a04fdf4294,Cameron Kirk
08e991e0-4fe9-49f7-93e0-16e9f1732d58,Melissa Thompson
39fa2bdd-bde4-4af6-b3b3-15b05a568435,Donna Brandt
539aaf91-aea3-4cd9-b604-342046f63012,Michael Hughes
d1993d75-85b6-4014-9422-bacbb6580b6a,David Marquez DDS
330343f9-db50-4458-86dd-517e549fe025,Nicole Anderson
c11d29b4-42e8-4bde-920e-d34f4b464b5c,Stephanie Velasquez
5100eadb-8431-4ff0-ae1b-5b1a2cc805c3,Connie Mooney
d96a2fc8-7ee6-41d1-86c1-a26cc31bfec3,Krystal Lawrence
4be03bed-d439-4d6a-8a3a-f42fe16eb52c,Shelly Collins
aa17e5b4-45a8-4092-9bff-3a8747f30bdc,Destiny Rodriguez
c87bbf3c-7e98-45cb-8c1b-44c6c0b1769c,Christine Garcia
16b4423e-020f-4f80-9e3f-a68ab258d8de,Dan Howard
cf9e02d9-265e-4f71-b3fa-96452940aba5,Jasmine Allen
53e8602d-c417-4344-b327-a78400c84457,Michael Middleton
2e2b7e86-889a-404f-9d64-91e1b13653ce,Tiffany Barrett
b15c4447-15f8-4677-98df-4486dc194f4a,Patricia Carroll
5d73dc11-5bec-4d36-a355-764abac6bab7,Rodney Mcmillan
c0a991f5-f616-483a-81a4-0fa086c1af35,Douglas Martin
bb731386-1f3d-4b4a-96b7-b14600630aef,Elizabeth Jackson MD
aaf3663c-c4f9-47a7-b897-44a096889e05,Melissa Williams
7abc834b-8216-4b3a-ae8f-6a5c230b3889,Ann Phillips
ee9c6587-3b93-4c9f-b942-0d35c4ceaa75,Sharon Poole
4dd7358c-8f5d-4cb7-9a45-f076b4d5978f,Christopher Allen
a4ba07e4-f3a5-4866-860a-929ceaee00ec,Sean Sanford
ab31e216-63e1-4c4e-bbd5-0756503c5797,Linda Williams
205beb01-d5f1-4a09-8ddd-48c4b92a9609,Julie Lee
a697ca76-64eb-45df-9b45-f6d0dd41c150,John Collins
049b61fa-8e8c-453e-a06e-f2acfed096b0,Shelby Ross
67b3c69e-2f7a-410b-b4ce-8deb4789b7cf,Melissa Murphy
f30f95b8-1d79-4292-8eb4-6017ebf21451,James Roberts
129ff306-2e47-4a54-9dab-a3a632ba4c04,Brandon Dyer
98e798ba-158c-48c8-9875-ad38e14d4487,Todd Roberts
8ca762d8-43d6-49de-9641-f248dfd2f024,Sarah Valentine
f6995f99-ff3b-4c64-922c-de6d187545b2,Gregory Hall
ee844591-a100-4d30-b2f9-2e984cf33b02,Dr. Stefanie Parrish MD
78bdeb2f-eebf-45b8-895a-48aa9810bc24,Kenneth Evans
aa406ffd-29ba-41fd-a5b3-a01fa36f4dd7,Emily Bailey
833d9db0-64b9-44d2-b46c-e7256ed416db,Benjamin Wells
3652eaf9-7f1e-419b-81c2-4084c8ff566d,Jacob Luna
5f2117d4-5124-48be-82b1-6fe6385a712b,Grace Lane
12a1726e-0f69-4354-8277-feb75c82ec2e,Christopher Klein
8d00ce71-63da-45aa-b09e-59f2434cbbb0,Nicole Lucero
ad650633-e3a5-49b5-8c96-3b7c2c609223,Jerry Taylor
9f2786d8-ac6f-4879-8b8c-475f5e6f0124,Peter Larsen
5e958eb9-3212-483e-a85b-93bd3d4bb961,Ana Smith
6a9f165d-afe0-4515-a940-c8f22fca6b7f,Raymond Johnson
ed764a39-457d-4a22-9240-44c2a2f18e85,Michael Cordova
221e5156-540f-4ff1-85b9-4563ca7741b9,Steve Adams
90c69a32-13ab-4b33-80e1-2c22a78394f7,Elizabeth Campbell
84e9002c-5270-4834-80af-be501f6216ad,Katrina Smith
79d26eed-1a6a-4aaf-8f61-da2813970fe5,Melissa Holmes
341fa129-fd2a-4159-81a0-77f2b3a3489e,Andrew Hubbard
0d9c142a-4c39-407f-a455-e5de18917159,Derrick Adams
6e035798-e883-468e-98ed-189cc88136e5,Samantha Henderson
8df163bc-4fba-46b1-a769-8558592725b2,Randy Willis
e142df4f-e151-41e6-952d-d33857c15036,Timothy Jacobs
119632c4-a4da-4b35-a7b4-c2fefe9741b2,Michael Little
f9451ee6-a369-4eb0-8251-1caab697de0c,Thomas Jones
04fdf14c-743a-4446-b93a-af90c6e7cc7d,Roger Parker
35bde023-4736-4f8d-b2fb-1039747d7168,Rachel Beck
540efcec-6dd2-4977-91d9-3473b7b290bd,Justin Petersen
7a820123-4470-4e86-ac84-44c8f6b0db26,Austin Graham
d3b20ee2-6d3e-47d8-91c4-9be5e150e140,Brandi Brown
5d0e5fb8-c962-4554-b27e-0f2e0807225a,Jennifer Evans
be8b47ed-c1d7-436b-a78c-110dd5987f40,Sydney Nichols
f15ca80c-1a34-4db4-95ba-86ef94fbb7a1,Dr. Denise Klein MD
27eb8ae1-ef7b-4bd4-b55f-fc1e3d2473df,Joshua Jackson
3a8c9591-e6fe-4ae7-a24c-3b28bd5172b4,Christine Carr
387d96f6-9d15-4c7f-abc5-402150be9755,Keith Johnson
b28aba1b-7b76-4a93-a046-13cc78cb6760,Kathryn White
05208a6f-3984-4870-a119-08ef3215f221,Destiny Spencer
0b6de7f9-c2de-4732-a3ad-0f8d54ad96ab,Nathan Jones
fd89e35f-f5fe-4b08-a0d9-dbf430271b61,Daniel Faulkner
85e40f99-572b-4c52-8825-d277853e1b59,Patrick Snyder
b0b98e3a-72cf-4dac-bfbf-ea65aca7459d,Marcia Carr
c6dc1fea-da4f-4537-859a-8da81579b4a4,Frank Diaz
f21c7bd6-aaa7-4aa4-ba38-2711d8b6c655,Laura Fitzgerald
776964b6-db69-4389-813b-7acdf0e81206,Matthew White
8b367848-00d1-42a5-be0b-d703ddb4e38e,Connie Stanley
63100099-c7d9-4a55-a67b-bd6508936dd0,James Gray
b8ea514c-86fa-417e-8839-68e59353c6d7,Melissa Mitchell
3a519321-39ad-4695-8b64-1dc786ae6d3f,Jake Robinson
555a4b9e-4522-4220-85b5-5e657633d14c,Stephen Galvan
4bfea75b-a940-4951-9e68-f1cfc3df3909,Brian Hayes
c4af7232-81e9-4519-9a68-42a8d9f60165,Crystal Perez
5625fa71-4e23-481c-b1cb-8ada0d71b819,Gabriel White
a3b21765-48d5-4fe2-aa5d-60b4a3066efe,John Moore
b788a896-5f6c-461e-b6be-654ea52c23a7,Brandon Parks
caf0b66d-7560-4471-88c4-9394a3984797,Tamara Walters
062d8905-1db6-406b-8594-4d4fde3ed1c0,Jennifer Martin
03e6809c-62a2-47bf-83d4-c13eab01b2d7,Lindsay Fowler
c4ed05fb-bcc1-4a0a-b1c2-de72cfc28892,Mr. Paul Garcia II
1d585f81-6876-41b3-a867-28d921a360b5,William Moody
3c3d2513-0cbd-4e4d-a5c0-b028b4644144,Melissa Cannon
3b8a100a-19c1-42c7-949c-0cceb64513a9,Monica Jones
357e8548-ccb9-4780-ba0c-d17481b1e8b1,Benjamin Bailey
e2867481-5c59-489d-8ae3-6b0ef9b6f2e4,Tanya Cruz
bba153a5-a583-436d-8013-41cc6d336d87,Richard Hernandez
44a363f8-043e-4bd4-809c-62f5cd400eef,Katherine Welch
f75da07a-bd98-49bd-938b-dd2398e58aab,Jason Silva
875431b5-d381-41c5-8a87-c471b834c2b3,Jennifer White
f3f56a79-5d87-43d5-bc9e-b78ce94035e5,Jessica Howard
9402817d-cba1-4ac3-9757-0f98a8082e7d,Michael Gallegos
a737ffd7-f55a-491a-a1fe-1feefab1ffaa,Scott Rivera
36f61cb4-07ed-418a-b112-08bfdd65c818,Jasmine Reese
4fc5af72-7f81-4ab1-91ac-512cab4f0e45,Steven Stokes
0f23fb43-0be2-4d47-b15a-5ae0121fad7f,Dana Beltran
b69e2c37-b237-4d92-97bf-16b72718c2c6,Gabriel Watkins
eb616cb9-4b5b-45b8-acf3-d6e0b70a8d08,Penny Farley
d6322b2b-76f7-4a80-977c-e8f228639dc0,Robin Davis
91245c85-be7e-4b25-a142-c31090d4d274,Joe Abbott
359f22da-f154-4875-a3e7-3d825d3f7d43,Dominic Roth
f06ba6db-52a4-4cc2-be68-ac8e191ebf66,Noah Miller
0165a205-3ee6-4695-a4ef-d8d35b8877c8,Linda Acosta
fc791831-537e-4c9f-978a-8b812a6d42d3,Garrett Phelps
069d1ca0-afd1-451c-88cd-a9b3c29962d1,Jason Bush
9502e0e8-d733-4954-8826-5437c3e3ee75,Linda Lynn
d4afb9ba-3dc3-451a-9c8c-6749ac08f844,Mary Price
f414e65b-8fb3-48af-a645-8655edb51717,Steven Navarro
a38fce6a-98da-49c3-bc8d-b5354bf39956,Robert Murphy
9f03fe9b-da2d-41cb-b955-b5dfc7720c15,Samantha Marks
c1b11a80-871b-42e7-b2f6-d5ed8023a1d7,Michael Black
8c251d78-f6fb-4c15-8302-e274c9ff8f65,Sarah Hutchinson
efe4f4ed-2ee8-4b6b-b276-02e2a2ad8b1e,Ross Cox
dc6c45dd-f09f-4852-a042-ac91bf404fa2,Kelly Lewis
3d040528-d7ae-4d7a-899f-576cd9fefea9,Elizabeth Lloyd
5cb05522-abdd-4245-9535-5053f8ede90d,Andrew Doyle
de808215-1a9a-433f-9537-13037600d80a,Sheena Prince
325740b7-81a7-40dd-a62b-2d5932253eaa,Jesse Atkins
86e7010c-6602-473a-b7f6-751e69eb5bf0,James Martin
87abadf2-c76d-4115-b6f6-8ab3358ea497,Danny Brooks
10c8861b-a145-404d-8c27-45055a48fdb4,Barbara Brown
ee9037a7-d4cf-4d0f-9883-53799e1221e0,Hannah Price
6fbf75fd-998a-41df-831a-2bf7aa953a14,Anthony Webb
ec2a868f-1117-4a13-89e2-bfacfbf06ee8,Gregory Richardson
b903ddc8-89a8-47cb-844a-8063c942c2f3,Douglas King
da2dcef6-2674-433d-99f1-6c9288f050fe,Daniel Spencer
d2f42d48-4884-4c52-be4e-3e5095afea10,Whitney Lawson
2ac14829-6031-470a-921b-f6816f22ad66,Jeffrey Ramirez
d384314d-fdc4-45fa-9e02-061113bb06e4,Christopher Smith
008fa8fe-6683-4248-87eb-9341bef10a94,Heidi Cohen
d0654b4d-5db6-432e-b1a6-7dea96767150,Eric Zavala
16ca661b-bfbb-417b-8c07-7e298b0ddb87,Thomas Perez
fda5f047-186d-4bbe-927e-0ab8a1945cd6,Andrew Baker
b6767eea-77b9-4289-9c50-6a85d1680206,Susan Nichols
8dd633a9-cc97-4b8d-893c-1c54ea8ab083,Matthew Vance
634c810e-1ba6-4462-b2bd-2cf4ee988c76,Richard Taylor
4dae08da-ee2c-4e08-a2ea-c83f26bc2cc4,Charles Harris Jr.
6ead5c94-1ebb-44b1-87c1-08e30a46dceb,Steven Spencer
4ff95971-1f1f-4938-a3c2-27548c30a8ae,Amy Johnson
35ddcca2-7339-4cab-8b65-b4aa87db634d,Adam Christensen
612c645a-474c-4a0b-ac17-c1ff0ff85e0f,Robert Stewart
cf9ad2ec-b578-4cfa-806d-b017accebaa9,Brandon Holt
bf1aa42c-cd6f-4597-bf22-304bac7e32e2,Courtney Schwartz
50b1290c-a928-4c2d-8a5e-a8283fdf1933,Samuel Navarro
1816eb1e-560b-4fab-919e-2711e63396ae,Alice Pierce
4e1e4405-6df0-481d-a4cf-35ed71e9204d,Kayla Miller
be862f03-cf4d-4a52-b3f8-3e4226d59260,Ronald Smith
b4163cbd-6948-4435-89c5-9e58b1ddd6db,Taylor White
10f3dc70-4647-4df5-a4f5-0330bec24703,Julian Miranda
fe87b7e1-1852-4892-8b16-942adb292f8e,Shannon Moon
bf1e8b3b-9343-4052-a565-5811e021dec3,Joel Norris
5dd72500-23bc-489f-be82-85a40217bc9f,Calvin Rosales
e4c50573-1e11-4fc1-af52-b7f8e4e2d13d,Michael Schmidt
6b5470b2-fd21-4eda-8120-7cc7cd238c5a,Peggy Rose
984b617d-11a9-457d-ba82-58ef4cfff0cd,Kaitlyn Hughes
a9839d8c-6c7e-4050-bdbb-0cedf243183a,Devin Willis
2e4a6887-1368-4cad-b969-eac82474d736,Shannon Simpson
eac09dc6-e9a9-4939-b4d9-35ba654eae7f,Shannon Mccoy
ac63bb1c-9981-4bfc-a301-a88fa212f394,Justin Smith
14173d81-5710-4188-b3a3-1ff29bbd4ee8,Linda Dillon
74fccce3-b101-4c04-b279-5e005c36113c,Alexis Mason
29fb5bc5-1963-4156-ab2c-06c346b262ab,Michael Smith
1bced635-1161-4d17-a2d9-444763acc845,Thomas Yates
385ae672-bfc5-43bb-9c1e-117b90a3814a,Danielle Griffin
cbefc588-1371-418f-8128-1a3288d5bbd8,Mark Flores
928c0502-2811-4dd4-a078-17be5651fc7c,John Cardenas
c0010cf1-655b-42cd-a411-de0a542636ed,Ryan Booker
dcc55617-1ee9-44a5-928e-412864056007,Steven Tucker
ecf21185-e1a5-443a-9077-91387161d1cf,Richard Campos
e9f1b95d-630a-44a0-9e54-1cb1d5268f46,Charles Marshall
efc7aa4b-cb53-4149-b528-467c48a96c19,Sheila Kennedy
7e49df2b-a61a-406c-b9f3-f96516eb3bcc,Lisa Yang
1475e5f2-5268-4925-a152-ee126268c699,Valerie Gonzalez
b31f657c-9b94-4194-8c56-a7762d260e3a,Michael Lin
8e7f5280-e8c1-4773-952b-7e7880dc01b3,Willie Galvan
c1a1377d-e5e8-4648-9a2f-8b64247ea463,Angela Fitzgerald
54487278-69d0-463d-a5d9-c74a3d1dd23e,Andrew Wade
e1c9f108-0bd3-405d-8f92-a3a3915ef9f5,Brianna Hartman
e2755a5c-42a4-4cb0-a439-1fed6b678686,Stephanie Carter
97086e41-c7ba-4232-82cc-196fd433daa2,Jeffrey Hernandez
8c1d4d02-f0e0-4237-9519-49e25a47e4ae,Tara Scott
bb519dd2-68dd-40c4-a702-40b0920948ae,Alicia Robinson
d0e3ed09-5968-4bdc-ac7f-7194d9410ca4,Jean Silva
8f8efae4-39f8-4f7e-a7a1-66e5ec245648,Nicholas Malone
24e0828a-d064-4498-a097-43a37a803b09,Austin Macias
a3e4cb8b-adf1-4b2a-801d-606922d3d940,Kimberly Hudson
cd229d86-2066-4048-a944-cc5776763b97,Margaret Harris
f9143de9-0583-4915-bc6d-4352fb947f59,Ashley Mcgee
d6090a15-6a3b-4bd9-9558-4195f5040738,Tara Jones
23044985-8f3c-41f9-9662-197a310629b0,Carl Wiggins
aaf18d7f-7963-4f8a-ac34-f9b951b4598e,Natalie Garcia
6e213834-1029-4532-bb3c-2c5a62ae38d8,Samuel Andrews
84390c8c-0b2c-49c3-9db3-b8e52099a008,Ashley Watts
b38a231b-2456-41b2-99cd-a18f4d71d1cc,William Dyer
926525cc-fa30-4385-92ea-d64c2182f2a0,Elizabeth Thomas
957edce1-b3f1-4649-bf52-79d1a589b6c5,John Maldonado
76832c98-ecdf-40a1-91d8-6d9ac7a6a238,Tyler Horne
bcf3dce4-7597-46aa-a79e-211c53d66b70,Steven Stephens
7d92cc98-0948-413c-bd4e-6494bcd097b7,Johnny Mclean
86fba6a6-39c8-4832-8d46-984f7e74b6b3,Andrew Hanna
01550929-81c5-4f5d-943a-bbfb10f2f4ad,Haley Moore
abe386de-e3c6-485e-8d37-f696af752ac3,Brandon Wilson
67f28f88-cb88-4b7c-9334-d0d326a6721b,Dawn Williams
3b62ad42-9e08-435a-a012-ac5399fa274b,Rebecca Wright
e8b22415-376c-43f1-8c45-657d4827fcff,Molly Johnson
5536f1ff-0f1b-461c-8092-f110d6457e5b,Richard Smith
34dd066a-e742-4be0-8507-47c0a295a4db,Megan Allen
71642a40-f536-452e-bf9e-5ea044f301c2,Eric Hernandez
1195ce98-95e0-48d8-b90e-de6a50b6c9a7,Melissa Henry
d64f200f-1699-4d08-86b4-387aebc2fb1c,Carrie Foster
a49acd30-acf9-42e4-b7d6-53ef6659ec00,Zachary Campbell
c89fea98-fefa-4e88-903f-40d094f849ef,Shannon Carrillo
f863f8ec-5cf4-49d3-b8a7-c636e196f267,James Baker
e602c334-7998-4f4f-9385-f191449a5252,Rachel Stewart
e2c8ec73-1f31-414d-b48b-258f2354ce7d,Alyssa Cooper
e4988d5b-6eb4-4743-8eed-b1ad3a4aa0a2,Dustin Smith
ba03c6e4-de28-48bd-bb9c-655073bc9924,Lauren Smith
8932bb41-124f-4ee4-be58-92771de10bb1,Teresa Brown
119602b6-1f67-4af4-85a3-68b929b362f3,Jennifer Anderson
fb4a4c0e-ca45-40a6-b43b-dabbf8112cd9,Julie Scott
3d849ae6-2626-4e86-9178-e887e48446bd,Jeffrey Turner
7f9b6f23-f62e-4089-8e2a-ccfb65498464,Donna Patterson
172cc790-075a-41ac-a69e-5b3da5d6b0f9,Anthony Rowe
2c5bcfc4-051d-4012-bd92-d77c27590f76,Sheila Smith
a44e6cba-13a7-4f29-aa1a-5055de09f6cd,Theresa Aguirre
cd575162-dffd-4f31-8164-39e5bd14a2d4,Lauren Turner
651e0483-80a4-4049-85af-9d39ce255160,Kevin Montgomery
e35e2895-5df0-4fc5-9d71-2efa47f65582,Timothy Skinner
4495396a-081d-47c0-9713-666a75fbb7cb,Kimberly Harris
b51e2383-09ff-4a4b-86b0-43ac310c1d2e,Stephanie Leblanc
7ceb6504-aa5e-4336-8b67-69d45064ce93,David Atkins
66c34e47-62bc-42c6-a17c-64f8ee7f5b80,Susan Edwards
80086ddc-07aa-4f2b-a385-f1033e043d44,Maria Delgado
d2dabee7-8da1-4129-94ca-ed97687240f1,Richard Potter
a0bcfc7f-75b8-4b43-b8c9-07815c2831fe,Erika Griffin
8e6a72ab-896e-40b7-8115-cc489352aa9b,Edgar Murray
f517b573-508a-4f41-b1e6-ca2a3fdbc7e0,Ronald Noble
5fbe8cba-9877-470c-b89e-74e0cdbf92be,Evan Lopez
568e986b-bee2-463d-bef6-612388985709,Joanna Brooks
dda26b88-ebb3-4fcd-b1cc-29770970a316,Michael Leon
427875d0-6cab-466a-8e41-76c221eb354d,Joanna Fletcher
b4a28c96-c11a-4f0d-a46c-fbe360a1e916,Michael Lawson
76ef2aa2-592a-40df-900e-e6ef70491b94,Joseph Alvarez
2e160d83-20eb-46d6-9483-b0d520af9394,Isaiah Sparks
8ef4be66-b3e3-488b-b903-dcda156da921,Michael Henderson
f97fe1b5-7309-4397-9d74-3ff2323ec954,Kevin Richards
b0019fcd-233c-46d5-9932-7db3154f3726,Deborah Roy
ec888f6f-2b5a-4626-9eda-b20637c9dd71,Ann Garcia
0ec278d0-d05b-48f3-ae96-5d59ab5e6675,Robert Fleming
ff4abc54-fb5d-4301-a4f0-e063e0e74ce8,Joseph Johnson
53a257b9-d66b-4db1-b911-4bf2ce4ad4cc,Erin Boone
63baec66-13b0-419a-b67d-902e41495d1b,Amanda Gay
5e40d4d9-9817-4721-8c14-622ac17f6e3d,Dawn Gray
52c1ec11-90cb-4509-af09-98c180430cd9,Kenneth Smith
1d841f8a-1764-41b2-8fa8-0c27cce466c2,Sheila Valdez
40ff54ba-e4da-4f71-8a92-620c16ca9750,Carolyn Kelley
b710df7a-67ba-44f5-a98c-40e75f433f9a,Rachel King
06771889-2e9c-4554-a803-e65d771e7202,Taylor Sherman
0a12ff0d-46ed-4dd6-8a38-aa34907a236a,Stephen Knapp
14c6667c-3f45-458a-bf96-a425b22ce353,Maurice Jacobs
c9f6bd8e-25c1-4fb2-b3c4-5c401193ce6d,Justin Hickman
9bbb0727-116f-4b82-a272-9008bd3d6c30,Douglas Armstrong
2a011e2b-dd8f-4ded-b0dd-e91169a87856,Bradley Tanner
33d5cf7d-df13-4bdc-89af-8f7503cb8f8e,Jamie Patrick
06202091-667d-4808-a187-d3d3751d19f7,Virginia Willis
a9e3902b-0c5f-4069-9bfe-8cb8bc353ab6,Rhonda Walker
5f8960f5-9a2b-4ab1-ade6-41a219660c75,James Mcdonald
19ee3b1d-6801-4845-8bd8-a36474855e87,Casey Lara
f902dbe6-e96f-497b-9376-f9085674ce5f,Stacey Wilson
601e6607-b180-4ed0-af6f-c9312888c44a,William Soto
c3d1e205-eeeb-4538-b867-545f8ff2b291,Tina Johnson
91407cf9-55d7-4a85-b7f9-e135b7942908,Lauren Wilcox
da57908d-bcad-456b-b908-fc1949ec9363,Stephanie Johnson
3abd6d3d-0962-41e2-bdea-b6d1cb20e155,John Moss
afaa14fb-bcc6-416f-a86b-8d8c49facb0c,Michael Carpenter
d7ee8005-6e87-45d9-947c-146758ad1107,Mary Johnson
f53f42ea-8fbd-4fa4-aca3-55bf4af5abd2,Mark Brown
71ef96e7-8b9a-4b8b-a9e5-3170bd62d150,Ryan Martin
6931db9c-f426-4073-ab30-aedb9783bed8,John Smith
fef14b94-6da5-4b59-b85b-aab6956e40bf,Nathaniel Stewart
dba4f943-721c-4aea-b982-969c7ef37861,Michele Sutton
7f67e5fc-191d-4086-bcc1-5e714a7efc96,James Obrien
c714150d-86cc-45de-b08e-265b72146563,Jennifer Rich
7b5503af-9357-4c03-b891-b522ebbea28a,Yvonne Long
c3103924-145f-4484-a9c8-f1ce251dbc22,Jesus Rios
e75ff8f7-adcd-403e-bb47-53bbcd7204dc,Toni Morris
15512420-22b7-4316-b741-8b235fb77b0a,Michael Leonard
51b9a1ad-e28d-4e50-983a-2b8df7a61735,Jordan Conner
df2b67d3-43f8-48f0-96bc-e0b674b33653,William Jones
85353b1d-a21e-4392-bd26-47c826966bd3,Judith Liu
c14d8e9b-0fdd-4a22-b106-97fcdf0c34eb,Christine Wilson
fc098019-2179-466c-ad59-78f9aeb79caf,Justin Lewis
e30dee4d-bf8c-42a4-9baf-758f460a3635,Danielle Nguyen
33ec8c49-ca3b-4665-84bc-b6cea18fc75b,Jonathan Keller
56a1d2df-1956-403f-a4c1-5f79a66132c7,Jennifer Cunningham
ad25be85-b35f-4771-bfb1-f1f16a4fb2c8,Carlos Barnett
04d75674-4a89-40cb-b26d-90b5cc95cc23,Kevin Rose
9dd518d7-2dfa-405a-bc05-4a3837740f1d,Jacqueline Ferguson PhD
9421f2ea-6455-430a-a300-4af0c9caf830,Bailey Curtis
778213fd-0771-493d-8651-0ea6bb29ca91,Robert Williams
099e0711-7241-47ae-bca7-a1d4f48bf378,Michael Turner
cb52b145-8191-48db-97d1-85b663b5ae27,Dwayne Crawford
6f08f37f-f64a-422c-839b-96d831420128,Mrs. Michelle Brown
04529fd7-caa1-4ac2-bc2d-f736497c4d39,Nathan Frank
ba9b76ac-3970-4cdc-8989-b595dd715e66,Rachel Evans MD
76c7400b-e70a-431c-b184-c52648d9be9d,Rebecca Phillips
ecbf879e-6915-4d35-a26f-944a0ab8ede3,Miss Michelle Clements
ca211d9c-a5e7-45a0-b609-fc944ebfceae,Amy Wallace
086f4fa6-908d-48db-81cf-ee72536ab99a,Allison Evans
23c1b031-a65d-4639-bfa2-44474a6168dc,Anna Cameron
5c5035c6-bd1d-48ce-aee4-95560d0e19f3,James Stevenson
3b67755d-82c8-4fd0-a143-171307b8bb07,Karen Collins
12bc96e4-61d6-4cbc-81ae-aaa2f548c2c0,Mrs. Kimberly Johnson DDS
9b825358-6e64-404a-b2bc-7a996fa136ea,Jonathan Ramos
cb75fb90-de29-41c9-9dc7-890bb7fe1af6,Kenneth Tucker
ed528ea7-3248-4e89-bebd-410e402782de,Jessica Fields
0380711a-04e4-4955-84eb-e17c5122d346,Amy Nichols
79c7573e-d5e3-40c9-9ec2-796d3898dbe7,Michael Clark
e9fd4f73-3e38-4f22-a76d-a209647ba772,Mary Watkins
7021dcf5-bee4-4ed7-ab1a-054370866c12,Lori Walker
1f22e6fb-fc59-4651-a492-88ed8fa83fa9,Thomas Cruz
f70a93a3-69c2-4d76-bd40-fcae6dbd7c75,Kimberly Dennis
66ea9aef-a789-44b1-84d0-2ddeb4675737,Theresa Johnson
e83239d0-e310-419f-a101-b78d669710c2,Heather Adams
ebfe14c6-698c-4feb-8941-be094127687b,Samantha Shaw
6702b2ca-4e53-41a6-bf16-900f300e1fee,Robin Juarez
2b8ec1f3-85ad-469d-849b-cc50ebbf0edf,Kristina Golden
e029fada-8581-4acf-be61-5ad277d8f0b9,Dana Washington
2b231936-8881-456f-9a86-0447ec64ed4b,Clarence Jensen
4982abb7-2d9f-437c-976c-0952d9ee0b5d,Cindy Nicholson
9e9040a2-4712-4e4a-9f57-303d2a4b98ec,Barbara Avery
00eba592-d09f-446d-9ba5-5b28c194f29a,Kelly Williams
8f73fae3-68e6-4adb-afe3-00dde8677143,Lisa Holt
65987fbf-475a-4788-8eba-814fea2cf530,Matthew Thornton
4e247f34-35ff-4a89-876e-55bf0b0a057a,Mr. Randy Larson
34153067-141f-4005-b0a0-00e47eb64769,Diane Phillips
aad5f79f-d0bb-496b-bb3c-8b7ac3267abc,Rodney Rose
3a54912f-0cda-4cb6-9a3c-6b03f575bd40,Aaron Haynes
d543b15c-7749-4830-b0e4-6713ee54b881,Andrew Jones
00267f98-12e0-4e7f-9190-5494d59e4114,Victor Jones
9f751c63-2d0c-4c64-a50d-5e9c7f6fa998,Gina Jones
7a96ed68-6127-4e2c-a54c-1b47c25130f4,Megan Gutierrez
0155032d-e0a4-4d59-92cb-523909ff4e22,Dr. Barbara Walton
39213d1f-ed80-4abf-a3d0-a79d64fe4433,Heather Barnes
f41b93a9-9a49-4aaa-98ba-a0b064c54c37,William Castro
4ab0b788-74ac-49b1-94be-33b7a6458a55,Manuel Wiley
8ccf7706-93ec-4a52-87b8-c28feb1f1d9c,Charles Mayer
65c4bdc1-eb46-409a-8296-0a2e70d554b8,Scott Burton
35807428-ec1b-4bf1-b845-ae5638ca1a87,Erika Kirby
743ded43-53de-44b0-bf74-9d54ba7c014b,Christopher Carpenter
4b3eeff3-da3f-48a1-aa57-0e80381b258f,Jacob Riley
3cc554f0-2509-4b89-8eab-19467755b2ae,Dr. Grace Bailey DVM
d8018606-a6dc-4354-b93a-965a952d1003,Ashley Johnson
545d1e66-cd94-4e9b-93f4-f90ea9d0fd92,Donna Gallagher
e6ac6635-9d34-4492-bbd4-57debe7d1479,Mark Dorsey
d06d4661-fbf5-476a-9203-5cd0a2a8646d,Peter Hebert
f2c20f60-f694-4067-865b-4c08b0040c6d,Corey Payne
d323bb03-7046-4901-9df3-791e8ff9cc8e,Tamara Andrade
6f89f888-25df-421f-a812-d3e36a77692d,Michael Schultz
e0874553-caac-4d4e-aa53-83a1920123d3,Brandon Stevens
83f09e00-d535-4665-92a8-9b2087bdb343,Joseph Walker
28ad21db-60b0-470f-b80d-f4f871822ae7,Dustin Spears
b32a503e-4984-4dc4-b111-a1b3e1ddca55,Caroline Ayala
591c0d4f-cbe4-46e2-a3a5-6dcddedd3332,Michael Price
56d4e3da-ed1b-46b8-bcfa-6f6690fd5b89,Bryan Nixon
0d9a51f6-b84c-431d-9c68-1e6cdb4d6d5e,Anna Holland MD
46ed045c-ac16-4f2c-a7fa-c0f1786cdd96,Peter House
b1528a7b-7f81-4877-8cff-86735d1ac279,Casey Hunter
fccf4e68-e12d-4f99-8d3c-1f6b5677c58b,Scott Evans
9fddca14-2312-424b-9388-94e40a78c579,Patrick Rodriguez
01313fb9-ac1a-462a-bd23-ad8792ddc471,Benjamin Davis
25c3403a-cb49-4b47-bfc2-79d11b0ca0a3,Lauren Warner
51468f24-df75-4a72-962f-5039f095808a,Amanda Myers
3a532b97-29e3-430f-b0ec-b5deba7fd32f,Krystal Clayton
eea85e18-0ac7-47ea-8eca-974679a8da5c,Judy Roberts
601e4adf-1445-42aa-bef7-8d9384cab46c,Richard Stewart
ca412ae9-d0ad-4d17-b0ed-db0bcc067934,Alison Schwartz
d3a737b8-026e-4a36-b955-4d612395730e,Julie Shea
78d81c4e-d704-4b8f-ba68-60334ac56f01,Richard Figueroa
d4ab0422-deea-41a6-96f0-da921acac387,Ashley Mcconnell
28e3d01e-6747-4e49-bd28-89b2b743e32f,Jennifer Alvarez
b5ce2d81-f5e4-4bfc-8ad9-d32d2685ea1b,Tami Simmons
f19e9094-84b3-40b3-a53a-08dce9d46c2a,Ronald Valenzuela
7262f3f3-701a-4c6b-8dd2-9fe4e56e74cd,George Jimenez
a74f150c-48c4-40c4-b1e6-14b850660cda,Alexis Gregory
